insert into FUNC_SEQ_NUM (FUNC_CODE,FUNC_DESC,START_NUM,END_NUM,FUNC_PREFIX,LAST_NUM,MODIFY_USER,MODIFY_DATE,CREATE_USER,CREATE_DATE,VERSION) values 
('CPN','Complaint Number',1,99999999,'CPN',0,'dqaadmin',sysdate,'dqaadmin',sysdate,0);
insert into FUNC_SEQ_NUM (FUNC_CODE,FUNC_DESC,START_NUM,END_NUM,FUNC_PREFIX,LAST_NUM,YEAR,MODIFY_USER,MODIFY_DATE,CREATE_USER,CREATE_DATE,VERSION) values 
('FRN','Fax Ref Number',1,999999,'FRN',0,2012,'dqaadmin',sysdate,'dqaadmin',sysdate,0);


insert into COM_NATURE_PARAM (COM_NATURE_PARAM_ID,PARAM_DESC,DISPLAY_ORDER,RECORD_STATUS,MODIFY_USER,MODIFY_DATE,CREATE_USER,CREATE_DATE,VERSION) values
(1,'Product Specification',1,'A','dqaadmin',sysdate,'dqaadmin',sysdate,0);
insert into COM_NATURE_PARAM (COM_NATURE_PARAM_ID,PARAM_DESC,DISPLAY_ORDER,RECORD_STATUS,MODIFY_USER,MODIFY_DATE,CREATE_USER,CREATE_DATE,VERSION) values
(2,'Product',2,'A','dqaadmin',sysdate,'dqaadmin',sysdate,0);
insert into COM_NATURE_PARAM (COM_NATURE_PARAM_ID,PARAM_DESC,DISPLAY_ORDER,RECORD_STATUS,MODIFY_USER,MODIFY_DATE,CREATE_USER,CREATE_DATE,VERSION) values
(3,'Performance',3,'A','dqaadmin',sysdate,'dqaadmin',sysdate,0);


insert into COM_NATURE_CAT (COM_NATURE_CAT_ID,CAT_DESC,DISPLAY_ORDER,RECORD_STATUS,COM_NATURE_PARAM_ID,MODIFY_USER,MODIFY_DATE,CREATE_USER,CREATE_DATE,VERSION) values
(1,'Batch/expiry information',1,'A',1,'dqaadmin',sysdate,'dqaadmin',sysdate,0);
insert into COM_NATURE_CAT (COM_NATURE_CAT_ID,CAT_DESC,DISPLAY_ORDER,RECORD_STATUS,COM_NATURE_PARAM_ID,MODIFY_USER,MODIFY_DATE,CREATE_USER,CREATE_DATE,VERSION) values
(2,'Package insert',2,'A',1,'dqaadmin',sysdate,'dqaadmin',sysdate,0);
insert into COM_NATURE_CAT (COM_NATURE_CAT_ID,CAT_DESC,DISPLAY_ORDER,RECORD_STATUS,COM_NATURE_PARAM_ID,MODIFY_USER,MODIFY_DATE,CREATE_USER,CREATE_DATE,VERSION) values
(3,'Label',3,'A',1,'dqaadmin',sysdate,'dqaadmin',sysdate,0);
insert into COM_NATURE_CAT (COM_NATURE_CAT_ID,CAT_DESC,DISPLAY_ORDER,RECORD_STATUS,COM_NATURE_PARAM_ID,MODIFY_USER,MODIFY_DATE,CREATE_USER,CREATE_DATE,VERSION) values
(4,'Registration with DH',4,'A',1,'dqaadmin',sysdate,'dqaadmin',sysdate,0);
insert into COM_NATURE_CAT (COM_NATURE_CAT_ID,CAT_DESC,DISPLAY_ORDER,RECORD_STATUS,COM_NATURE_PARAM_ID,MODIFY_USER,MODIFY_DATE,CREATE_USER,CREATE_DATE,VERSION) values
(5,'Drug content',5,'A',1,'dqaadmin',sysdate,'dqaadmin',sysdate,0);
insert into COM_NATURE_CAT (COM_NATURE_CAT_ID,CAT_DESC,DISPLAY_ORDER,RECORD_STATUS,COM_NATURE_PARAM_ID,MODIFY_USER,MODIFY_DATE,CREATE_USER,CREATE_DATE,VERSION) values
(6,'Product specification',6,'A',1,'dqaadmin',sysdate,'dqaadmin',sysdate,0);
insert into COM_NATURE_CAT (COM_NATURE_CAT_ID,CAT_DESC,DISPLAY_ORDER,RECORD_STATUS,COM_NATURE_PARAM_ID,MODIFY_USER,MODIFY_DATE,CREATE_USER,CREATE_DATE,VERSION) values
(7,'Miscellaneous',7,'A',1,'dqaadmin',sysdate,'dqaadmin',sysdate,0);

insert into COM_NATURE_CAT (COM_NATURE_CAT_ID,CAT_DESC,DISPLAY_ORDER,RECORD_STATUS,COM_NATURE_PARAM_ID,MODIFY_USER,MODIFY_DATE,CREATE_USER,CREATE_DATE,VERSION) values
(8,'Appearance',1,'A',2,'dqaadmin',sysdate,'dqaadmin',sysdate,0);
insert into COM_NATURE_CAT (COM_NATURE_CAT_ID,CAT_DESC,DISPLAY_ORDER,RECORD_STATUS,COM_NATURE_PARAM_ID,MODIFY_USER,MODIFY_DATE,CREATE_USER,CREATE_DATE,VERSION) values
(9,'Product integrity',2,'A',2,'dqaadmin',sysdate,'dqaadmin',sysdate,0);
insert into COM_NATURE_CAT (COM_NATURE_CAT_ID,CAT_DESC,DISPLAY_ORDER,RECORD_STATUS,COM_NATURE_PARAM_ID,MODIFY_USER,MODIFY_DATE,CREATE_USER,CREATE_DATE,VERSION) values
(10,'Color',3,'A',2,'dqaadmin',sysdate,'dqaadmin',sysdate,0);
insert into COM_NATURE_CAT (COM_NATURE_CAT_ID,CAT_DESC,DISPLAY_ORDER,RECORD_STATUS,COM_NATURE_PARAM_ID,MODIFY_USER,MODIFY_DATE,CREATE_USER,CREATE_DATE,VERSION) values
(11,'Container',4,'A',2,'dqaadmin',sysdate,'dqaadmin',sysdate,0);
insert into COM_NATURE_CAT (COM_NATURE_CAT_ID,CAT_DESC,DISPLAY_ORDER,RECORD_STATUS,COM_NATURE_PARAM_ID,MODIFY_USER,MODIFY_DATE,CREATE_USER,CREATE_DATE,VERSION) values
(12,'Contamination',5,'A',2,'dqaadmin',sysdate,'dqaadmin',sysdate,0);
insert into COM_NATURE_CAT (COM_NATURE_CAT_ID,CAT_DESC,DISPLAY_ORDER,RECORD_STATUS,COM_NATURE_PARAM_ID,MODIFY_USER,MODIFY_DATE,CREATE_USER,CREATE_DATE,VERSION) values
(13,'Quantity',6,'A',2,'dqaadmin',sysdate,'dqaadmin',sysdate,0);
insert into COM_NATURE_CAT (COM_NATURE_CAT_ID,CAT_DESC,DISPLAY_ORDER,RECORD_STATUS,COM_NATURE_PARAM_ID,MODIFY_USER,MODIFY_DATE,CREATE_USER,CREATE_DATE,VERSION) values
(14,'Formulation',7,'A',2,'dqaadmin',sysdate,'dqaadmin',sysdate,0);
insert into COM_NATURE_CAT (COM_NATURE_CAT_ID,CAT_DESC,DISPLAY_ORDER,RECORD_STATUS,COM_NATURE_PARAM_ID,MODIFY_USER,MODIFY_DATE,CREATE_USER,CREATE_DATE,VERSION) values
(15,'Injection',8,'A',2,'dqaadmin',sysdate,'dqaadmin',sysdate,0);
insert into COM_NATURE_CAT (COM_NATURE_CAT_ID,CAT_DESC,DISPLAY_ORDER,RECORD_STATUS,COM_NATURE_PARAM_ID,MODIFY_USER,MODIFY_DATE,CREATE_USER,CREATE_DATE,VERSION) values
(16,'Label',9,'A',2,'dqaadmin',sysdate,'dqaadmin',sysdate,0);
insert into COM_NATURE_CAT (COM_NATURE_CAT_ID,CAT_DESC,DISPLAY_ORDER,RECORD_STATUS,COM_NATURE_PARAM_ID,MODIFY_USER,MODIFY_DATE,CREATE_USER,CREATE_DATE,VERSION) values
(17,'Odor/taste',10,'A',2,'dqaadmin',sysdate,'dqaadmin',sysdate,0);
insert into COM_NATURE_CAT (COM_NATURE_CAT_ID,CAT_DESC,DISPLAY_ORDER,RECORD_STATUS,COM_NATURE_PARAM_ID,MODIFY_USER,MODIFY_DATE,CREATE_USER,CREATE_DATE,VERSION) values
(18,'Weight/dimension',11,'A',2,'dqaadmin',sysdate,'dqaadmin',sysdate,0);
insert into COM_NATURE_CAT (COM_NATURE_CAT_ID,CAT_DESC,DISPLAY_ORDER,RECORD_STATUS,COM_NATURE_PARAM_ID,MODIFY_USER,MODIFY_DATE,CREATE_USER,CREATE_DATE,VERSION) values
(19,'Miscellaneous',12,'A',2,'dqaadmin',sysdate,'dqaadmin',sysdate,0);

insert into COM_NATURE_CAT (COM_NATURE_CAT_ID,CAT_DESC,DISPLAY_ORDER,RECORD_STATUS,COM_NATURE_PARAM_ID,MODIFY_USER,MODIFY_DATE,CREATE_USER,CREATE_DATE,VERSION) values
(20,'Delivery',1,'A',3,'dqaadmin',sysdate,'dqaadmin',sysdate,0);
insert into COM_NATURE_CAT (COM_NATURE_CAT_ID,CAT_DESC,DISPLAY_ORDER,RECORD_STATUS,COM_NATURE_PARAM_ID,MODIFY_USER,MODIFY_DATE,CREATE_USER,CREATE_DATE,VERSION) values
(21,'Provision of COA',2,'A',3,'dqaadmin',sysdate,'dqaadmin',sysdate,0);
insert into COM_NATURE_CAT (COM_NATURE_CAT_ID,CAT_DESC,DISPLAY_ORDER,RECORD_STATUS,COM_NATURE_PARAM_ID,MODIFY_USER,MODIFY_DATE,CREATE_USER,CREATE_DATE,VERSION) values
(22,'Provision of information',3,'A',3,'dqaadmin',sysdate,'dqaadmin',sysdate,0);
insert into COM_NATURE_CAT (COM_NATURE_CAT_ID,CAT_DESC,DISPLAY_ORDER,RECORD_STATUS,COM_NATURE_PARAM_ID,MODIFY_USER,MODIFY_DATE,CREATE_USER,CREATE_DATE,VERSION) values
(23,'Miscellaneous',4,'A',3,'dqaadmin',sysdate,'dqaadmin',sysdate,0);


insert into COM_NATURE_SUB_CAT (COM_NATURE_SUB_CAT_ID,SUB_CAT_DESC,DISPLAY_ORDER,RECORD_STATUS,COM_NATURE_CAT_ID,MODIFY_USER,MODIFY_DATE,CREATE_USER,CREATE_DATE,VERSION) values
(1,'Incorrect information',1,'A',1,'dqaadmin',sysdate,'dqaadmin',sysdate,0);
insert into COM_NATURE_SUB_CAT (COM_NATURE_SUB_CAT_ID,SUB_CAT_DESC,DISPLAY_ORDER,RECORD_STATUS,COM_NATURE_CAT_ID,MODIFY_USER,MODIFY_DATE,CREATE_USER,CREATE_DATE,VERSION) values
(2,'Inconsistent information',2,'A',1,'dqaadmin',sysdate,'dqaadmin',sysdate,0);
insert into COM_NATURE_SUB_CAT (COM_NATURE_SUB_CAT_ID,SUB_CAT_DESC,DISPLAY_ORDER,RECORD_STATUS,COM_NATURE_CAT_ID,MODIFY_USER,MODIFY_DATE,CREATE_USER,CREATE_DATE,VERSION) values
(3,'Others',3,'A',1,'dqaadmin',sysdate,'dqaadmin',sysdate,0);

insert into COM_NATURE_SUB_CAT (COM_NATURE_SUB_CAT_ID,SUB_CAT_DESC,DISPLAY_ORDER,RECORD_STATUS,COM_NATURE_CAT_ID,MODIFY_USER,MODIFY_DATE,CREATE_USER,CREATE_DATE,VERSION) values
(4,'Incorrect information',1,'A',2,'dqaadmin',sysdate,'dqaadmin',sysdate,0);
insert into COM_NATURE_SUB_CAT (COM_NATURE_SUB_CAT_ID,SUB_CAT_DESC,DISPLAY_ORDER,RECORD_STATUS,COM_NATURE_CAT_ID,MODIFY_USER,MODIFY_DATE,CREATE_USER,CREATE_DATE,VERSION) values
(5,'Inconsistent information',2,'A',2,'dqaadmin',sysdate,'dqaadmin',sysdate,0);
insert into COM_NATURE_SUB_CAT (COM_NATURE_SUB_CAT_ID,SUB_CAT_DESC,DISPLAY_ORDER,RECORD_STATUS,COM_NATURE_CAT_ID,MODIFY_USER,MODIFY_DATE,CREATE_USER,CREATE_DATE,VERSION) values
(6,'Wrong product insert in drug package',3,'A',2,'dqaadmin',sysdate,'dqaadmin',sysdate,0);
insert into COM_NATURE_SUB_CAT (COM_NATURE_SUB_CAT_ID,SUB_CAT_DESC,DISPLAY_ORDER,RECORD_STATUS,COM_NATURE_CAT_ID,MODIFY_USER,MODIFY_DATE,CREATE_USER,CREATE_DATE,VERSION) values
(7,'Others',4,'A',2,'dqaadmin',sysdate,'dqaadmin',sysdate,0);

insert into COM_NATURE_SUB_CAT (COM_NATURE_SUB_CAT_ID,SUB_CAT_DESC,DISPLAY_ORDER,RECORD_STATUS,COM_NATURE_CAT_ID,MODIFY_USER,MODIFY_DATE,CREATE_USER,CREATE_DATE,VERSION) values
(8,'Mislabeling',1,'A',3,'dqaadmin',sysdate,'dqaadmin',sysdate,0);
insert into COM_NATURE_SUB_CAT (COM_NATURE_SUB_CAT_ID,SUB_CAT_DESC,DISPLAY_ORDER,RECORD_STATUS,COM_NATURE_CAT_ID,MODIFY_USER,MODIFY_DATE,CREATE_USER,CREATE_DATE,VERSION) values
(9,'Missing information on label',2,'A',3,'dqaadmin',sysdate,'dqaadmin',sysdate,0);
insert into COM_NATURE_SUB_CAT (COM_NATURE_SUB_CAT_ID,SUB_CAT_DESC,DISPLAY_ORDER,RECORD_STATUS,COM_NATURE_CAT_ID,MODIFY_USER,MODIFY_DATE,CREATE_USER,CREATE_DATE,VERSION) values
(10,'Incorrect information on label',3,'A',3,'dqaadmin',sysdate,'dqaadmin',sysdate,0);
insert into COM_NATURE_SUB_CAT (COM_NATURE_SUB_CAT_ID,SUB_CAT_DESC,DISPLAY_ORDER,RECORD_STATUS,COM_NATURE_CAT_ID,MODIFY_USER,MODIFY_DATE,CREATE_USER,CREATE_DATE,VERSION) values
(11,'Inconsistent information on label',4,'A',3,'dqaadmin',sysdate,'dqaadmin',sysdate,0);
insert into COM_NATURE_SUB_CAT (COM_NATURE_SUB_CAT_ID,SUB_CAT_DESC,DISPLAY_ORDER,RECORD_STATUS,COM_NATURE_CAT_ID,MODIFY_USER,MODIFY_DATE,CREATE_USER,CREATE_DATE,VERSION) values
(12,'Omission of label',5,'A',3,'dqaadmin',sysdate,'dqaadmin',sysdate,0);
insert into COM_NATURE_SUB_CAT (COM_NATURE_SUB_CAT_ID,SUB_CAT_DESC,DISPLAY_ORDER,RECORD_STATUS,COM_NATURE_CAT_ID,MODIFY_USER,MODIFY_DATE,CREATE_USER,CREATE_DATE,VERSION) values
(13,'Others',6,'A',3,'dqaadmin',sysdate,'dqaadmin',sysdate,0);

insert into COM_NATURE_SUB_CAT (COM_NATURE_SUB_CAT_ID,SUB_CAT_DESC,DISPLAY_ORDER,RECORD_STATUS,COM_NATURE_CAT_ID,MODIFY_USER,MODIFY_DATE,CREATE_USER,CREATE_DATE,VERSION) values
(14,'Goods not registered with DH',1,'A',4,'dqaadmin',sysdate,'dqaadmin',sysdate,0);
insert into COM_NATURE_SUB_CAT (COM_NATURE_SUB_CAT_ID,SUB_CAT_DESC,DISPLAY_ORDER,RECORD_STATUS,COM_NATURE_CAT_ID,MODIFY_USER,MODIFY_DATE,CREATE_USER,CREATE_DATE,VERSION) values
(15,'Others',2,'A',4,'dqaadmin',sysdate,'dqaadmin',sysdate,0);

insert into COM_NATURE_SUB_CAT (COM_NATURE_SUB_CAT_ID,SUB_CAT_DESC,DISPLAY_ORDER,RECORD_STATUS,COM_NATURE_CAT_ID,MODIFY_USER,MODIFY_DATE,CREATE_USER,CREATE_DATE,VERSION) values
(16,'Wrong drug content',1,'A',5,'dqaadmin',sysdate,'dqaadmin',sysdate,0);
insert into COM_NATURE_SUB_CAT (COM_NATURE_SUB_CAT_ID,SUB_CAT_DESC,DISPLAY_ORDER,RECORD_STATUS,COM_NATURE_CAT_ID,MODIFY_USER,MODIFY_DATE,CREATE_USER,CREATE_DATE,VERSION) values
(17,'Others',2,'A',5,'dqaadmin',sysdate,'dqaadmin',sysdate,0);

insert into COM_NATURE_SUB_CAT (COM_NATURE_SUB_CAT_ID,SUB_CAT_DESC,DISPLAY_ORDER,RECORD_STATUS,COM_NATURE_CAT_ID,MODIFY_USER,MODIFY_DATE,CREATE_USER,CREATE_DATE,VERSION) values
(18,'Out of specification result from sample testing',1,'A',6,'dqaadmin',sysdate,'dqaadmin',sysdate,0);
insert into COM_NATURE_SUB_CAT (COM_NATURE_SUB_CAT_ID,SUB_CAT_DESC,DISPLAY_ORDER,RECORD_STATUS,COM_NATURE_CAT_ID,MODIFY_USER,MODIFY_DATE,CREATE_USER,CREATE_DATE,VERSION) values
(19,'Others',2,'A',6,'dqaadmin',sysdate,'dqaadmin',sysdate,0);

insert into COM_NATURE_SUB_CAT (COM_NATURE_SUB_CAT_ID,SUB_CAT_DESC,DISPLAY_ORDER,RECORD_STATUS,COM_NATURE_CAT_ID,MODIFY_USER,MODIFY_DATE,CREATE_USER,CREATE_DATE,VERSION) values
(20,'Others',1,'A',7,'dqaadmin',sysdate,'dqaadmin',sysdate,0);

insert into COM_NATURE_SUB_CAT (COM_NATURE_SUB_CAT_ID,SUB_CAT_DESC,DISPLAY_ORDER,RECORD_STATUS,COM_NATURE_CAT_ID,MODIFY_USER,MODIFY_DATE,CREATE_USER,CREATE_DATE,VERSION) values
(21,'Black spot/dirt on drug',1,'A',8,'dqaadmin',sysdate,'dqaadmin',sysdate,0);
insert into COM_NATURE_SUB_CAT (COM_NATURE_SUB_CAT_ID,SUB_CAT_DESC,DISPLAY_ORDER,RECORD_STATUS,COM_NATURE_CAT_ID,MODIFY_USER,MODIFY_DATE,CREATE_USER,CREATE_DATE,VERSION) values
(22,'Color stain/mark/spot on drug',2,'A',8,'dqaadmin',sysdate,'dqaadmin',sysdate,0);
insert into COM_NATURE_SUB_CAT (COM_NATURE_SUB_CAT_ID,SUB_CAT_DESC,DISPLAY_ORDER,RECORD_STATUS,COM_NATURE_CAT_ID,MODIFY_USER,MODIFY_DATE,CREATE_USER,CREATE_DATE,VERSION) values
(23,'Drug marking problem',3,'A',8,'dqaadmin',sysdate,'dqaadmin',sysdate,0);
insert into COM_NATURE_SUB_CAT (COM_NATURE_SUB_CAT_ID,SUB_CAT_DESC,DISPLAY_ORDER,RECORD_STATUS,COM_NATURE_CAT_ID,MODIFY_USER,MODIFY_DATE,CREATE_USER,CREATE_DATE,VERSION) values
(24,'Uneven surface/crack/texture',4,'A',8,'dqaadmin',sysdate,'dqaadmin',sysdate,0);
insert into COM_NATURE_SUB_CAT (COM_NATURE_SUB_CAT_ID,SUB_CAT_DESC,DISPLAY_ORDER,RECORD_STATUS,COM_NATURE_CAT_ID,MODIFY_USER,MODIFY_DATE,CREATE_USER,CREATE_DATE,VERSION) values
(25,'Others',5,'A',8,'dqaadmin',sysdate,'dqaadmin',sysdate,0);

insert into COM_NATURE_SUB_CAT (COM_NATURE_SUB_CAT_ID,SUB_CAT_DESC,DISPLAY_ORDER,RECORD_STATUS,COM_NATURE_CAT_ID,MODIFY_USER,MODIFY_DATE,CREATE_USER,CREATE_DATE,VERSION) values
(26,'Broken tablet/capsule',1,'A',9,'dqaadmin',sysdate,'dqaadmin',sysdate,0);
insert into COM_NATURE_SUB_CAT (COM_NATURE_SUB_CAT_ID,SUB_CAT_DESC,DISPLAY_ORDER,RECORD_STATUS,COM_NATURE_CAT_ID,MODIFY_USER,MODIFY_DATE,CREATE_USER,CREATE_DATE,VERSION) values
(27,'Others',2,'A',9,'dqaadmin',sysdate,'dqaadmin',sysdate,0);

insert into COM_NATURE_SUB_CAT (COM_NATURE_SUB_CAT_ID,SUB_CAT_DESC,DISPLAY_ORDER,RECORD_STATUS,COM_NATURE_CAT_ID,MODIFY_USER,MODIFY_DATE,CREATE_USER,CREATE_DATE,VERSION) values
(28,'Color variation',1,'A',10,'dqaadmin',sysdate,'dqaadmin',sysdate,0);
insert into COM_NATURE_SUB_CAT (COM_NATURE_SUB_CAT_ID,SUB_CAT_DESC,DISPLAY_ORDER,RECORD_STATUS,COM_NATURE_CAT_ID,MODIFY_USER,MODIFY_DATE,CREATE_USER,CREATE_DATE,VERSION) values
(29,'Uneven color',2,'A',10,'dqaadmin',sysdate,'dqaadmin',sysdate,0);
insert into COM_NATURE_SUB_CAT (COM_NATURE_SUB_CAT_ID,SUB_CAT_DESC,DISPLAY_ORDER,RECORD_STATUS,COM_NATURE_CAT_ID,MODIFY_USER,MODIFY_DATE,CREATE_USER,CREATE_DATE,VERSION) values
(30,'Others',3,'A',10,'dqaadmin',sysdate,'dqaadmin',sysdate,0);

insert into COM_NATURE_SUB_CAT (COM_NATURE_SUB_CAT_ID,SUB_CAT_DESC,DISPLAY_ORDER,RECORD_STATUS,COM_NATURE_CAT_ID,MODIFY_USER,MODIFY_DATE,CREATE_USER,CREATE_DATE,VERSION) values
(31,'Blockage',1,'A',11,'dqaadmin',sysdate,'dqaadmin',sysdate,0);
insert into COM_NATURE_SUB_CAT (COM_NATURE_SUB_CAT_ID,SUB_CAT_DESC,DISPLAY_ORDER,RECORD_STATUS,COM_NATURE_CAT_ID,MODIFY_USER,MODIFY_DATE,CREATE_USER,CREATE_DATE,VERSION) values
(32,'Broken container',2,'A',11,'dqaadmin',sysdate,'dqaadmin',sysdate,0);
insert into COM_NATURE_SUB_CAT (COM_NATURE_SUB_CAT_ID,SUB_CAT_DESC,DISPLAY_ORDER,RECORD_STATUS,COM_NATURE_CAT_ID,MODIFY_USER,MODIFY_DATE,CREATE_USER,CREATE_DATE,VERSION) values
(33,'Broken part',3,'A',11,'dqaadmin',sysdate,'dqaadmin',sysdate,0);
insert into COM_NATURE_SUB_CAT (COM_NATURE_SUB_CAT_ID,SUB_CAT_DESC,DISPLAY_ORDER,RECORD_STATUS,COM_NATURE_CAT_ID,MODIFY_USER,MODIFY_DATE,CREATE_USER,CREATE_DATE,VERSION) values
(34,'Functional problem',4,'A',11,'dqaadmin',sysdate,'dqaadmin',sysdate,0);
insert into COM_NATURE_SUB_CAT (COM_NATURE_SUB_CAT_ID,SUB_CAT_DESC,DISPLAY_ORDER,RECORD_STATUS,COM_NATURE_CAT_ID,MODIFY_USER,MODIFY_DATE,CREATE_USER,CREATE_DATE,VERSION) values
(35,'Leakage from container',5,'A',11,'dqaadmin',sysdate,'dqaadmin',sysdate,0);
insert into COM_NATURE_SUB_CAT (COM_NATURE_SUB_CAT_ID,SUB_CAT_DESC,DISPLAY_ORDER,RECORD_STATUS,COM_NATURE_CAT_ID,MODIFY_USER,MODIFY_DATE,CREATE_USER,CREATE_DATE,VERSION) values
(36,'Part omission',6,'A',11,'dqaadmin',sysdate,'dqaadmin',sysdate,0);
insert into COM_NATURE_SUB_CAT (COM_NATURE_SUB_CAT_ID,SUB_CAT_DESC,DISPLAY_ORDER,RECORD_STATUS,COM_NATURE_CAT_ID,MODIFY_USER,MODIFY_DATE,CREATE_USER,CREATE_DATE,VERSION) values
(37,'Others',7,'A',11,'dqaadmin',sysdate,'dqaadmin',sysdate,0);

insert into COM_NATURE_SUB_CAT (COM_NATURE_SUB_CAT_ID,SUB_CAT_DESC,DISPLAY_ORDER,RECORD_STATUS,COM_NATURE_CAT_ID,MODIFY_USER,MODIFY_DATE,CREATE_USER,CREATE_DATE,VERSION) values
(38,'Foreign matter on container',1,'A',12,'dqaadmin',sysdate,'dqaadmin',sysdate,0);
insert into COM_NATURE_SUB_CAT (COM_NATURE_SUB_CAT_ID,SUB_CAT_DESC,DISPLAY_ORDER,RECORD_STATUS,COM_NATURE_CAT_ID,MODIFY_USER,MODIFY_DATE,CREATE_USER,CREATE_DATE,VERSION) values
(39,'Foreign matter, insects',2,'A',12,'dqaadmin',sysdate,'dqaadmin',sysdate,0);
insert into COM_NATURE_SUB_CAT (COM_NATURE_SUB_CAT_ID,SUB_CAT_DESC,DISPLAY_ORDER,RECORD_STATUS,COM_NATURE_CAT_ID,MODIFY_USER,MODIFY_DATE,CREATE_USER,CREATE_DATE,VERSION) values
(40,'Foreign matter, others',3,'A',12,'dqaadmin',sysdate,'dqaadmin',sysdate,0);
insert into COM_NATURE_SUB_CAT (COM_NATURE_SUB_CAT_ID,SUB_CAT_DESC,DISPLAY_ORDER,RECORD_STATUS,COM_NATURE_CAT_ID,MODIFY_USER,MODIFY_DATE,CREATE_USER,CREATE_DATE,VERSION) values
(41,'Foreign matter in injection/infusion',4,'A',12,'dqaadmin',sysdate,'dqaadmin',sysdate,0);
insert into COM_NATURE_SUB_CAT (COM_NATURE_SUB_CAT_ID,SUB_CAT_DESC,DISPLAY_ORDER,RECORD_STATUS,COM_NATURE_CAT_ID,MODIFY_USER,MODIFY_DATE,CREATE_USER,CREATE_DATE,VERSION) values
(42,'Others',5,'A',12,'dqaadmin',sysdate,'dqaadmin',sysdate,0);

insert into COM_NATURE_SUB_CAT (COM_NATURE_SUB_CAT_ID,SUB_CAT_DESC,DISPLAY_ORDER,RECORD_STATUS,COM_NATURE_CAT_ID,MODIFY_USER,MODIFY_DATE,CREATE_USER,CREATE_DATE,VERSION) values
(43,'Incorrect quantity',1,'A',13,'dqaadmin',sysdate,'dqaadmin',sysdate,0);
insert into COM_NATURE_SUB_CAT (COM_NATURE_SUB_CAT_ID,SUB_CAT_DESC,DISPLAY_ORDER,RECORD_STATUS,COM_NATURE_CAT_ID,MODIFY_USER,MODIFY_DATE,CREATE_USER,CREATE_DATE,VERSION) values
(44,'Empty container',2,'A',13,'dqaadmin',sysdate,'dqaadmin',sysdate,0);
insert into COM_NATURE_SUB_CAT (COM_NATURE_SUB_CAT_ID,SUB_CAT_DESC,DISPLAY_ORDER,RECORD_STATUS,COM_NATURE_CAT_ID,MODIFY_USER,MODIFY_DATE,CREATE_USER,CREATE_DATE,VERSION) values
(45,'Others',3,'A',13,'dqaadmin',sysdate,'dqaadmin',sysdate,0);

insert into COM_NATURE_SUB_CAT (COM_NATURE_SUB_CAT_ID,SUB_CAT_DESC,DISPLAY_ORDER,RECORD_STATUS,COM_NATURE_CAT_ID,MODIFY_USER,MODIFY_DATE,CREATE_USER,CREATE_DATE,VERSION) values
(46,'Stability problem',1,'A',14,'dqaadmin',sysdate,'dqaadmin',sysdate,0);
insert into COM_NATURE_SUB_CAT (COM_NATURE_SUB_CAT_ID,SUB_CAT_DESC,DISPLAY_ORDER,RECORD_STATUS,COM_NATURE_CAT_ID,MODIFY_USER,MODIFY_DATE,CREATE_USER,CREATE_DATE,VERSION) values
(47,'Precipitation problem',2,'A',14,'dqaadmin',sysdate,'dqaadmin',sysdate,0);
insert into COM_NATURE_SUB_CAT (COM_NATURE_SUB_CAT_ID,SUB_CAT_DESC,DISPLAY_ORDER,RECORD_STATUS,COM_NATURE_CAT_ID,MODIFY_USER,MODIFY_DATE,CREATE_USER,CREATE_DATE,VERSION) values
(48,'Others',3,'A',14,'dqaadmin',sysdate,'dqaadmin',sysdate,0);

insert into COM_NATURE_SUB_CAT (COM_NATURE_SUB_CAT_ID,SUB_CAT_DESC,DISPLAY_ORDER,RECORD_STATUS,COM_NATURE_CAT_ID,MODIFY_USER,MODIFY_DATE,CREATE_USER,CREATE_DATE,VERSION) values
(49,'Coring',1,'A',15,'dqaadmin',sysdate,'dqaadmin',sysdate,0);
insert into COM_NATURE_SUB_CAT (COM_NATURE_SUB_CAT_ID,SUB_CAT_DESC,DISPLAY_ORDER,RECORD_STATUS,COM_NATURE_CAT_ID,MODIFY_USER,MODIFY_DATE,CREATE_USER,CREATE_DATE,VERSION) values
(50,'Mixing problem',2,'A',15,'dqaadmin',sysdate,'dqaadmin',sysdate,0);
insert into COM_NATURE_SUB_CAT (COM_NATURE_SUB_CAT_ID,SUB_CAT_DESC,DISPLAY_ORDER,RECORD_STATUS,COM_NATURE_CAT_ID,MODIFY_USER,MODIFY_DATE,CREATE_USER,CREATE_DATE,VERSION) values
(51,'Syringe/needle problem',3,'A',15,'dqaadmin',sysdate,'dqaadmin',sysdate,0);
insert into COM_NATURE_SUB_CAT (COM_NATURE_SUB_CAT_ID,SUB_CAT_DESC,DISPLAY_ORDER,RECORD_STATUS,COM_NATURE_CAT_ID,MODIFY_USER,MODIFY_DATE,CREATE_USER,CREATE_DATE,VERSION) values
(52,'Others',4,'A',15,'dqaadmin',sysdate,'dqaadmin',sysdate,0);

insert into COM_NATURE_SUB_CAT (COM_NATURE_SUB_CAT_ID,SUB_CAT_DESC,DISPLAY_ORDER,RECORD_STATUS,COM_NATURE_CAT_ID,MODIFY_USER,MODIFY_DATE,CREATE_USER,CREATE_DATE,VERSION) values
(53,'Illegible',1,'A',16,'dqaadmin',sysdate,'dqaadmin',sysdate,0);
insert into COM_NATURE_SUB_CAT (COM_NATURE_SUB_CAT_ID,SUB_CAT_DESC,DISPLAY_ORDER,RECORD_STATUS,COM_NATURE_CAT_ID,MODIFY_USER,MODIFY_DATE,CREATE_USER,CREATE_DATE,VERSION) values
(54,'LASA',2,'A',16,'dqaadmin',sysdate,'dqaadmin',sysdate,0);
insert into COM_NATURE_SUB_CAT (COM_NATURE_SUB_CAT_ID,SUB_CAT_DESC,DISPLAY_ORDER,RECORD_STATUS,COM_NATURE_CAT_ID,MODIFY_USER,MODIFY_DATE,CREATE_USER,CREATE_DATE,VERSION) values
(55,'Others',3,'A',16,'dqaadmin',sysdate,'dqaadmin',sysdate,0);

insert into COM_NATURE_SUB_CAT (COM_NATURE_SUB_CAT_ID,SUB_CAT_DESC,DISPLAY_ORDER,RECORD_STATUS,COM_NATURE_CAT_ID,MODIFY_USER,MODIFY_DATE,CREATE_USER,CREATE_DATE,VERSION) values
(56,'Odd odor/tase',1,'A',17,'dqaadmin',sysdate,'dqaadmin',sysdate,0);
insert into COM_NATURE_SUB_CAT (COM_NATURE_SUB_CAT_ID,SUB_CAT_DESC,DISPLAY_ORDER,RECORD_STATUS,COM_NATURE_CAT_ID,MODIFY_USER,MODIFY_DATE,CREATE_USER,CREATE_DATE,VERSION) values
(57,'Others',2,'A',17,'dqaadmin',sysdate,'dqaadmin',sysdate,0);

insert into COM_NATURE_SUB_CAT (COM_NATURE_SUB_CAT_ID,SUB_CAT_DESC,DISPLAY_ORDER,RECORD_STATUS,COM_NATURE_CAT_ID,MODIFY_USER,MODIFY_DATE,CREATE_USER,CREATE_DATE,VERSION) values
(58,'Inconsistent weight/dimension',1,'A',18,'dqaadmin',sysdate,'dqaadmin',sysdate,0);
insert into COM_NATURE_SUB_CAT (COM_NATURE_SUB_CAT_ID,SUB_CAT_DESC,DISPLAY_ORDER,RECORD_STATUS,COM_NATURE_CAT_ID,MODIFY_USER,MODIFY_DATE,CREATE_USER,CREATE_DATE,VERSION) values
(59,'Others',2,'A',18,'dqaadmin',sysdate,'dqaadmin',sysdate,0);

insert into COM_NATURE_SUB_CAT (COM_NATURE_SUB_CAT_ID,SUB_CAT_DESC,DISPLAY_ORDER,RECORD_STATUS,COM_NATURE_CAT_ID,MODIFY_USER,MODIFY_DATE,CREATE_USER,CREATE_DATE,VERSION) values
(60,'Others',1,'A',19,'dqaadmin',sysdate,'dqaadmin',sysdate,0);

insert into COM_NATURE_SUB_CAT (COM_NATURE_SUB_CAT_ID,SUB_CAT_DESC,DISPLAY_ORDER,RECORD_STATUS,COM_NATURE_CAT_ID,MODIFY_USER,MODIFY_DATE,CREATE_USER,CREATE_DATE,VERSION) values
(61,'Wrong drug delivered',1,'A',20,'dqaadmin',sysdate,'dqaadmin',sysdate,0);
insert into COM_NATURE_SUB_CAT (COM_NATURE_SUB_CAT_ID,SUB_CAT_DESC,DISPLAY_ORDER,RECORD_STATUS,COM_NATURE_CAT_ID,MODIFY_USER,MODIFY_DATE,CREATE_USER,CREATE_DATE,VERSION) values
(62,'Wrong strength delivered',2,'A',20,'dqaadmin',sysdate,'dqaadmin',sysdate,0);
insert into COM_NATURE_SUB_CAT (COM_NATURE_SUB_CAT_ID,SUB_CAT_DESC,DISPLAY_ORDER,RECORD_STATUS,COM_NATURE_CAT_ID,MODIFY_USER,MODIFY_DATE,CREATE_USER,CREATE_DATE,VERSION) values
(63,'Late delivery',3,'A',20,'dqaadmin',sysdate,'dqaadmin',sysdate,0);
insert into COM_NATURE_SUB_CAT (COM_NATURE_SUB_CAT_ID,SUB_CAT_DESC,DISPLAY_ORDER,RECORD_STATUS,COM_NATURE_CAT_ID,MODIFY_USER,MODIFY_DATE,CREATE_USER,CREATE_DATE,VERSION) values
(64,'Interruption of supply',4,'A',20,'dqaadmin',sysdate,'dqaadmin',sysdate,0);
insert into COM_NATURE_SUB_CAT (COM_NATURE_SUB_CAT_ID,SUB_CAT_DESC,DISPLAY_ORDER,RECORD_STATUS,COM_NATURE_CAT_ID,MODIFY_USER,MODIFY_DATE,CREATE_USER,CREATE_DATE,VERSION) values
(65,'Others',5,'A',20,'dqaadmin',sysdate,'dqaadmin',sysdate,0);

insert into COM_NATURE_SUB_CAT (COM_NATURE_SUB_CAT_ID,SUB_CAT_DESC,DISPLAY_ORDER,RECORD_STATUS,COM_NATURE_CAT_ID,MODIFY_USER,MODIFY_DATE,CREATE_USER,CREATE_DATE,VERSION) values
(66,'Fail to provide COA before drug delivery',1,'A',21,'dqaadmin',sysdate,'dqaadmin',sysdate,0);
insert into COM_NATURE_SUB_CAT (COM_NATURE_SUB_CAT_ID,SUB_CAT_DESC,DISPLAY_ORDER,RECORD_STATUS,COM_NATURE_CAT_ID,MODIFY_USER,MODIFY_DATE,CREATE_USER,CREATE_DATE,VERSION) values
(67,'Others',2,'A',21,'dqaadmin',sysdate,'dqaadmin',sysdate,0);

insert into COM_NATURE_SUB_CAT (COM_NATURE_SUB_CAT_ID,SUB_CAT_DESC,DISPLAY_ORDER,RECORD_STATUS,COM_NATURE_CAT_ID,MODIFY_USER,MODIFY_DATE,CREATE_USER,CREATE_DATE,VERSION) values
(68,'Fail to provide information requested',1,'A',22,'dqaadmin',sysdate,'dqaadmin',sysdate,0);
insert into COM_NATURE_SUB_CAT (COM_NATURE_SUB_CAT_ID,SUB_CAT_DESC,DISPLAY_ORDER,RECORD_STATUS,COM_NATURE_CAT_ID,MODIFY_USER,MODIFY_DATE,CREATE_USER,CREATE_DATE,VERSION) values
(69,'Others',2,'A',22,'dqaadmin',sysdate,'dqaadmin',sysdate,0);

insert into COM_NATURE_SUB_CAT (COM_NATURE_SUB_CAT_ID,SUB_CAT_DESC,DISPLAY_ORDER,RECORD_STATUS,COM_NATURE_CAT_ID,MODIFY_USER,MODIFY_DATE,CREATE_USER,CREATE_DATE,VERSION) values
(70,'Fail to support sample testing',1,'A',23,'dqaadmin',sysdate,'dqaadmin',sysdate,0);
insert into COM_NATURE_SUB_CAT (COM_NATURE_SUB_CAT_ID,SUB_CAT_DESC,DISPLAY_ORDER,RECORD_STATUS,COM_NATURE_CAT_ID,MODIFY_USER,MODIFY_DATE,CREATE_USER,CREATE_DATE,VERSION) values
(71,'Fail to provide support/feedback on incident investigation',2,'A',23,'dqaadmin',sysdate,'dqaadmin',sysdate,0);
insert into COM_NATURE_SUB_CAT (COM_NATURE_SUB_CAT_ID,SUB_CAT_DESC,DISPLAY_ORDER,RECORD_STATUS,COM_NATURE_CAT_ID,MODIFY_USER,MODIFY_DATE,CREATE_USER,CREATE_DATE,VERSION) values
(72,'Fail to support safety alert',3,'A',23,'dqaadmin',sysdate,'dqaadmin',sysdate,0);
insert into COM_NATURE_SUB_CAT (COM_NATURE_SUB_CAT_ID,SUB_CAT_DESC,DISPLAY_ORDER,RECORD_STATUS,COM_NATURE_CAT_ID,MODIFY_USER,MODIFY_DATE,CREATE_USER,CREATE_DATE,VERSION) values
(73,'Fail to support product recall',4,'A',23,'dqaadmin',sysdate,'dqaadmin',sysdate,0);
insert into COM_NATURE_SUB_CAT (COM_NATURE_SUB_CAT_ID,SUB_CAT_DESC,DISPLAY_ORDER,RECORD_STATUS,COM_NATURE_CAT_ID,MODIFY_USER,MODIFY_DATE,CREATE_USER,CREATE_DATE,VERSION) values
(74,'Others',5,'A',23,'dqaadmin',sysdate,'dqaadmin',sysdate,0);


insert into COUNTRY (COUNTRY_CODE,COUNTRY_NAME,RECORD_STATUS,MODIFY_USER,MODIFY_DATE,CREATE_USER,CREATE_DATE,VERSION) values ('AW','ARUBA','A','dqaadmin',sysdate,'dqaadmin',sysdate,0);
insert into COUNTRY (COUNTRY_CODE,COUNTRY_NAME,RECORD_STATUS,MODIFY_USER,MODIFY_DATE,CREATE_USER,CREATE_DATE,VERSION) values ('AF','AFGHANISTAN','A','dqaadmin',sysdate,'dqaadmin',sysdate,0);
insert into COUNTRY (COUNTRY_CODE,COUNTRY_NAME,RECORD_STATUS,MODIFY_USER,MODIFY_DATE,CREATE_USER,CREATE_DATE,VERSION) values ('AO','ANGOLA','A','dqaadmin',sysdate,'dqaadmin',sysdate,0);
insert into COUNTRY (COUNTRY_CODE,COUNTRY_NAME,RECORD_STATUS,MODIFY_USER,MODIFY_DATE,CREATE_USER,CREATE_DATE,VERSION) values ('AI','ANGUILLA','A','dqaadmin',sysdate,'dqaadmin',sysdate,0);
insert into COUNTRY (COUNTRY_CODE,COUNTRY_NAME,RECORD_STATUS,MODIFY_USER,MODIFY_DATE,CREATE_USER,CREATE_DATE,VERSION) values ('AL','ALBANIA','A','dqaadmin',sysdate,'dqaadmin',sysdate,0);
insert into COUNTRY (COUNTRY_CODE,COUNTRY_NAME,RECORD_STATUS,MODIFY_USER,MODIFY_DATE,CREATE_USER,CREATE_DATE,VERSION) values ('AD','ANDORRA','A','dqaadmin',sysdate,'dqaadmin',sysdate,0);
insert into COUNTRY (COUNTRY_CODE,COUNTRY_NAME,RECORD_STATUS,MODIFY_USER,MODIFY_DATE,CREATE_USER,CREATE_DATE,VERSION) values ('AN','NETHERLANDS ANTILLES','A','dqaadmin',sysdate,'dqaadmin',sysdate,0);
insert into COUNTRY (COUNTRY_CODE,COUNTRY_NAME,RECORD_STATUS,MODIFY_USER,MODIFY_DATE,CREATE_USER,CREATE_DATE,VERSION) values ('AE','UNITED ARAB EMIRATES','A','dqaadmin',sysdate,'dqaadmin',sysdate,0);
insert into COUNTRY (COUNTRY_CODE,COUNTRY_NAME,RECORD_STATUS,MODIFY_USER,MODIFY_DATE,CREATE_USER,CREATE_DATE,VERSION) values ('AR','ARGENTINA','A','dqaadmin',sysdate,'dqaadmin',sysdate,0);
insert into COUNTRY (COUNTRY_CODE,COUNTRY_NAME,RECORD_STATUS,MODIFY_USER,MODIFY_DATE,CREATE_USER,CREATE_DATE,VERSION) values ('AM','ARMENIA','A','dqaadmin',sysdate,'dqaadmin',sysdate,0);
insert into COUNTRY (COUNTRY_CODE,COUNTRY_NAME,RECORD_STATUS,MODIFY_USER,MODIFY_DATE,CREATE_USER,CREATE_DATE,VERSION) values ('AS','AMERICAN SAMOA','A','dqaadmin',sysdate,'dqaadmin',sysdate,0);
insert into COUNTRY (COUNTRY_CODE,COUNTRY_NAME,RECORD_STATUS,MODIFY_USER,MODIFY_DATE,CREATE_USER,CREATE_DATE,VERSION) values ('AQ','ANTARCTICA','A','dqaadmin',sysdate,'dqaadmin',sysdate,0);
insert into COUNTRY (COUNTRY_CODE,COUNTRY_NAME,RECORD_STATUS,MODIFY_USER,MODIFY_DATE,CREATE_USER,CREATE_DATE,VERSION) values ('TF','FRENCH SOUTHERN TERRITORIES','A','dqaadmin',sysdate,'dqaadmin',sysdate,0);
insert into COUNTRY (COUNTRY_CODE,COUNTRY_NAME,RECORD_STATUS,MODIFY_USER,MODIFY_DATE,CREATE_USER,CREATE_DATE,VERSION) values ('AG','ANTIGUA AND BARBUDA','A','dqaadmin',sysdate,'dqaadmin',sysdate,0);
insert into COUNTRY (COUNTRY_CODE,COUNTRY_NAME,RECORD_STATUS,MODIFY_USER,MODIFY_DATE,CREATE_USER,CREATE_DATE,VERSION) values ('AU','AUSTRALIA','A','dqaadmin',sysdate,'dqaadmin',sysdate,0);
insert into COUNTRY (COUNTRY_CODE,COUNTRY_NAME,RECORD_STATUS,MODIFY_USER,MODIFY_DATE,CREATE_USER,CREATE_DATE,VERSION) values ('AT','AUSTRIA','A','dqaadmin',sysdate,'dqaadmin',sysdate,0);
insert into COUNTRY (COUNTRY_CODE,COUNTRY_NAME,RECORD_STATUS,MODIFY_USER,MODIFY_DATE,CREATE_USER,CREATE_DATE,VERSION) values ('AZ','AZERBAIJAN','A','dqaadmin',sysdate,'dqaadmin',sysdate,0);
insert into COUNTRY (COUNTRY_CODE,COUNTRY_NAME,RECORD_STATUS,MODIFY_USER,MODIFY_DATE,CREATE_USER,CREATE_DATE,VERSION) values ('BI','BURUNDI','A','dqaadmin',sysdate,'dqaadmin',sysdate,0);
insert into COUNTRY (COUNTRY_CODE,COUNTRY_NAME,RECORD_STATUS,MODIFY_USER,MODIFY_DATE,CREATE_USER,CREATE_DATE,VERSION) values ('BE','BELGIUM','A','dqaadmin',sysdate,'dqaadmin',sysdate,0);
insert into COUNTRY (COUNTRY_CODE,COUNTRY_NAME,RECORD_STATUS,MODIFY_USER,MODIFY_DATE,CREATE_USER,CREATE_DATE,VERSION) values ('BJ','BENIN','A','dqaadmin',sysdate,'dqaadmin',sysdate,0);
insert into COUNTRY (COUNTRY_CODE,COUNTRY_NAME,RECORD_STATUS,MODIFY_USER,MODIFY_DATE,CREATE_USER,CREATE_DATE,VERSION) values ('BF','BURKINA FASO','A','dqaadmin',sysdate,'dqaadmin',sysdate,0);
insert into COUNTRY (COUNTRY_CODE,COUNTRY_NAME,RECORD_STATUS,MODIFY_USER,MODIFY_DATE,CREATE_USER,CREATE_DATE,VERSION) values ('BD','BANGLADESH','A','dqaadmin',sysdate,'dqaadmin',sysdate,0);
insert into COUNTRY (COUNTRY_CODE,COUNTRY_NAME,RECORD_STATUS,MODIFY_USER,MODIFY_DATE,CREATE_USER,CREATE_DATE,VERSION) values ('BG','BULGARIA','A','dqaadmin',sysdate,'dqaadmin',sysdate,0);
insert into COUNTRY (COUNTRY_CODE,COUNTRY_NAME,RECORD_STATUS,MODIFY_USER,MODIFY_DATE,CREATE_USER,CREATE_DATE,VERSION) values ('BH','BAHRAIN','A','dqaadmin',sysdate,'dqaadmin',sysdate,0);
insert into COUNTRY (COUNTRY_CODE,COUNTRY_NAME,RECORD_STATUS,MODIFY_USER,MODIFY_DATE,CREATE_USER,CREATE_DATE,VERSION) values ('BS','BAHAMAS','A','dqaadmin',sysdate,'dqaadmin',sysdate,0);
insert into COUNTRY (COUNTRY_CODE,COUNTRY_NAME,RECORD_STATUS,MODIFY_USER,MODIFY_DATE,CREATE_USER,CREATE_DATE,VERSION) values ('BA','BOSNIA AND HERZEGOWINA','A','dqaadmin',sysdate,'dqaadmin',sysdate,0);
insert into COUNTRY (COUNTRY_CODE,COUNTRY_NAME,RECORD_STATUS,MODIFY_USER,MODIFY_DATE,CREATE_USER,CREATE_DATE,VERSION) values ('BY','BELARUS','A','dqaadmin',sysdate,'dqaadmin',sysdate,0);
insert into COUNTRY (COUNTRY_CODE,COUNTRY_NAME,RECORD_STATUS,MODIFY_USER,MODIFY_DATE,CREATE_USER,CREATE_DATE,VERSION) values ('BZ','BELIZE','A','dqaadmin',sysdate,'dqaadmin',sysdate,0);
insert into COUNTRY (COUNTRY_CODE,COUNTRY_NAME,RECORD_STATUS,MODIFY_USER,MODIFY_DATE,CREATE_USER,CREATE_DATE,VERSION) values ('BM','BERMUDA','A','dqaadmin',sysdate,'dqaadmin',sysdate,0);
insert into COUNTRY (COUNTRY_CODE,COUNTRY_NAME,RECORD_STATUS,MODIFY_USER,MODIFY_DATE,CREATE_USER,CREATE_DATE,VERSION) values ('BO','BOLIVIA','A','dqaadmin',sysdate,'dqaadmin',sysdate,0);
insert into COUNTRY (COUNTRY_CODE,COUNTRY_NAME,RECORD_STATUS,MODIFY_USER,MODIFY_DATE,CREATE_USER,CREATE_DATE,VERSION) values ('BR','BRAZIL','A','dqaadmin',sysdate,'dqaadmin',sysdate,0);
insert into COUNTRY (COUNTRY_CODE,COUNTRY_NAME,RECORD_STATUS,MODIFY_USER,MODIFY_DATE,CREATE_USER,CREATE_DATE,VERSION) values ('BB','BARBADOS','A','dqaadmin',sysdate,'dqaadmin',sysdate,0);
insert into COUNTRY (COUNTRY_CODE,COUNTRY_NAME,RECORD_STATUS,MODIFY_USER,MODIFY_DATE,CREATE_USER,CREATE_DATE,VERSION) values ('BN','BRUNEI DARUSSALAM','A','dqaadmin',sysdate,'dqaadmin',sysdate,0);
insert into COUNTRY (COUNTRY_CODE,COUNTRY_NAME,RECORD_STATUS,MODIFY_USER,MODIFY_DATE,CREATE_USER,CREATE_DATE,VERSION) values ('BT','BHUTAN','A','dqaadmin',sysdate,'dqaadmin',sysdate,0);
insert into COUNTRY (COUNTRY_CODE,COUNTRY_NAME,RECORD_STATUS,MODIFY_USER,MODIFY_DATE,CREATE_USER,CREATE_DATE,VERSION) values ('BV','BOUVET ISLAND','A','dqaadmin',sysdate,'dqaadmin',sysdate,0);
insert into COUNTRY (COUNTRY_CODE,COUNTRY_NAME,RECORD_STATUS,MODIFY_USER,MODIFY_DATE,CREATE_USER,CREATE_DATE,VERSION) values ('BW','BOTSWANA','A','dqaadmin',sysdate,'dqaadmin',sysdate,0);
insert into COUNTRY (COUNTRY_CODE,COUNTRY_NAME,RECORD_STATUS,MODIFY_USER,MODIFY_DATE,CREATE_USER,CREATE_DATE,VERSION) values ('CF','CENTRAL AFRICAN REPUBLIC','A','dqaadmin',sysdate,'dqaadmin',sysdate,0);
insert into COUNTRY (COUNTRY_CODE,COUNTRY_NAME,RECORD_STATUS,MODIFY_USER,MODIFY_DATE,CREATE_USER,CREATE_DATE,VERSION) values ('CA','CANADA','A','dqaadmin',sysdate,'dqaadmin',sysdate,0);
insert into COUNTRY (COUNTRY_CODE,COUNTRY_NAME,RECORD_STATUS,MODIFY_USER,MODIFY_DATE,CREATE_USER,CREATE_DATE,VERSION) values ('CC','COCOS (KEELING) ISLANDS','A','dqaadmin',sysdate,'dqaadmin',sysdate,0);
insert into COUNTRY (COUNTRY_CODE,COUNTRY_NAME,RECORD_STATUS,MODIFY_USER,MODIFY_DATE,CREATE_USER,CREATE_DATE,VERSION) values ('CH','SWITZERLAND','A','dqaadmin',sysdate,'dqaadmin',sysdate,0);
insert into COUNTRY (COUNTRY_CODE,COUNTRY_NAME,RECORD_STATUS,MODIFY_USER,MODIFY_DATE,CREATE_USER,CREATE_DATE,VERSION) values ('CL','CHILE','A','dqaadmin',sysdate,'dqaadmin',sysdate,0);
insert into COUNTRY (COUNTRY_CODE,COUNTRY_NAME,RECORD_STATUS,MODIFY_USER,MODIFY_DATE,CREATE_USER,CREATE_DATE,VERSION) values ('CN','CHINA','A','dqaadmin',sysdate,'dqaadmin',sysdate,0);
insert into COUNTRY (COUNTRY_CODE,COUNTRY_NAME,RECORD_STATUS,MODIFY_USER,MODIFY_DATE,CREATE_USER,CREATE_DATE,VERSION) values ('CI','COTE D`IVOIRE','A','dqaadmin',sysdate,'dqaadmin',sysdate,0);
insert into COUNTRY (COUNTRY_CODE,COUNTRY_NAME,RECORD_STATUS,MODIFY_USER,MODIFY_DATE,CREATE_USER,CREATE_DATE,VERSION) values ('CM','CAMEROON','A','dqaadmin',sysdate,'dqaadmin',sysdate,0);
insert into COUNTRY (COUNTRY_CODE,COUNTRY_NAME,RECORD_STATUS,MODIFY_USER,MODIFY_DATE,CREATE_USER,CREATE_DATE,VERSION) values ('CD','CONGO, THE DEMOCRATIC REPUBLIC OF THE','A','dqaadmin',sysdate,'dqaadmin',sysdate,0);
insert into COUNTRY (COUNTRY_CODE,COUNTRY_NAME,RECORD_STATUS,MODIFY_USER,MODIFY_DATE,CREATE_USER,CREATE_DATE,VERSION) values ('CG','CONGO','A','dqaadmin',sysdate,'dqaadmin',sysdate,0);
insert into COUNTRY (COUNTRY_CODE,COUNTRY_NAME,RECORD_STATUS,MODIFY_USER,MODIFY_DATE,CREATE_USER,CREATE_DATE,VERSION) values ('CK','COOK ISLANDS','A','dqaadmin',sysdate,'dqaadmin',sysdate,0);
insert into COUNTRY (COUNTRY_CODE,COUNTRY_NAME,RECORD_STATUS,MODIFY_USER,MODIFY_DATE,CREATE_USER,CREATE_DATE,VERSION) values ('CO','COLOMBIA','A','dqaadmin',sysdate,'dqaadmin',sysdate,0);
insert into COUNTRY (COUNTRY_CODE,COUNTRY_NAME,RECORD_STATUS,MODIFY_USER,MODIFY_DATE,CREATE_USER,CREATE_DATE,VERSION) values ('KM','COMOROS','A','dqaadmin',sysdate,'dqaadmin',sysdate,0);
insert into COUNTRY (COUNTRY_CODE,COUNTRY_NAME,RECORD_STATUS,MODIFY_USER,MODIFY_DATE,CREATE_USER,CREATE_DATE,VERSION) values ('CV','CAPE VERDE','A','dqaadmin',sysdate,'dqaadmin',sysdate,0);
insert into COUNTRY (COUNTRY_CODE,COUNTRY_NAME,RECORD_STATUS,MODIFY_USER,MODIFY_DATE,CREATE_USER,CREATE_DATE,VERSION) values ('CR','COSTA RICA','A','dqaadmin',sysdate,'dqaadmin',sysdate,0);
insert into COUNTRY (COUNTRY_CODE,COUNTRY_NAME,RECORD_STATUS,MODIFY_USER,MODIFY_DATE,CREATE_USER,CREATE_DATE,VERSION) values ('CU','CUBA','A','dqaadmin',sysdate,'dqaadmin',sysdate,0);
insert into COUNTRY (COUNTRY_CODE,COUNTRY_NAME,RECORD_STATUS,MODIFY_USER,MODIFY_DATE,CREATE_USER,CREATE_DATE,VERSION) values ('CX','CHRISTMAS ISLAND','A','dqaadmin',sysdate,'dqaadmin',sysdate,0);
insert into COUNTRY (COUNTRY_CODE,COUNTRY_NAME,RECORD_STATUS,MODIFY_USER,MODIFY_DATE,CREATE_USER,CREATE_DATE,VERSION) values ('KY','CAYMAN ISLANDS','A','dqaadmin',sysdate,'dqaadmin',sysdate,0);
insert into COUNTRY (COUNTRY_CODE,COUNTRY_NAME,RECORD_STATUS,MODIFY_USER,MODIFY_DATE,CREATE_USER,CREATE_DATE,VERSION) values ('CY','CYPRUS','A','dqaadmin',sysdate,'dqaadmin',sysdate,0);
insert into COUNTRY (COUNTRY_CODE,COUNTRY_NAME,RECORD_STATUS,MODIFY_USER,MODIFY_DATE,CREATE_USER,CREATE_DATE,VERSION) values ('CZ','CZECH REPUBLIC','A','dqaadmin',sysdate,'dqaadmin',sysdate,0);
insert into COUNTRY (COUNTRY_CODE,COUNTRY_NAME,RECORD_STATUS,MODIFY_USER,MODIFY_DATE,CREATE_USER,CREATE_DATE,VERSION) values ('DE','GERMANY','A','dqaadmin',sysdate,'dqaadmin',sysdate,0);
insert into COUNTRY (COUNTRY_CODE,COUNTRY_NAME,RECORD_STATUS,MODIFY_USER,MODIFY_DATE,CREATE_USER,CREATE_DATE,VERSION) values ('DJ','DJIBOUTI','A','dqaadmin',sysdate,'dqaadmin',sysdate,0);
insert into COUNTRY (COUNTRY_CODE,COUNTRY_NAME,RECORD_STATUS,MODIFY_USER,MODIFY_DATE,CREATE_USER,CREATE_DATE,VERSION) values ('DM','DOMINICA','A','dqaadmin',sysdate,'dqaadmin',sysdate,0);
insert into COUNTRY (COUNTRY_CODE,COUNTRY_NAME,RECORD_STATUS,MODIFY_USER,MODIFY_DATE,CREATE_USER,CREATE_DATE,VERSION) values ('DK','DENMARK','A','dqaadmin',sysdate,'dqaadmin',sysdate,0);
insert into COUNTRY (COUNTRY_CODE,COUNTRY_NAME,RECORD_STATUS,MODIFY_USER,MODIFY_DATE,CREATE_USER,CREATE_DATE,VERSION) values ('DO','DOMINICAN REPUBLIC','A','dqaadmin',sysdate,'dqaadmin',sysdate,0);
insert into COUNTRY (COUNTRY_CODE,COUNTRY_NAME,RECORD_STATUS,MODIFY_USER,MODIFY_DATE,CREATE_USER,CREATE_DATE,VERSION) values ('DZ','ALGERIA','A','dqaadmin',sysdate,'dqaadmin',sysdate,0);
insert into COUNTRY (COUNTRY_CODE,COUNTRY_NAME,RECORD_STATUS,MODIFY_USER,MODIFY_DATE,CREATE_USER,CREATE_DATE,VERSION) values ('EC','ECUADOR','A','dqaadmin',sysdate,'dqaadmin',sysdate,0);
insert into COUNTRY (COUNTRY_CODE,COUNTRY_NAME,RECORD_STATUS,MODIFY_USER,MODIFY_DATE,CREATE_USER,CREATE_DATE,VERSION) values ('EG','EGYPT','A','dqaadmin',sysdate,'dqaadmin',sysdate,0);
insert into COUNTRY (COUNTRY_CODE,COUNTRY_NAME,RECORD_STATUS,MODIFY_USER,MODIFY_DATE,CREATE_USER,CREATE_DATE,VERSION) values ('ER','ERITREA','A','dqaadmin',sysdate,'dqaadmin',sysdate,0);
insert into COUNTRY (COUNTRY_CODE,COUNTRY_NAME,RECORD_STATUS,MODIFY_USER,MODIFY_DATE,CREATE_USER,CREATE_DATE,VERSION) values ('EH','WESTERN SAHARA','A','dqaadmin',sysdate,'dqaadmin',sysdate,0);
insert into COUNTRY (COUNTRY_CODE,COUNTRY_NAME,RECORD_STATUS,MODIFY_USER,MODIFY_DATE,CREATE_USER,CREATE_DATE,VERSION) values ('ES','SPAIN','A','dqaadmin',sysdate,'dqaadmin',sysdate,0);
insert into COUNTRY (COUNTRY_CODE,COUNTRY_NAME,RECORD_STATUS,MODIFY_USER,MODIFY_DATE,CREATE_USER,CREATE_DATE,VERSION) values ('EE','ESTONIA','A','dqaadmin',sysdate,'dqaadmin',sysdate,0);
insert into COUNTRY (COUNTRY_CODE,COUNTRY_NAME,RECORD_STATUS,MODIFY_USER,MODIFY_DATE,CREATE_USER,CREATE_DATE,VERSION) values ('ET','ETHIOPIA','A','dqaadmin',sysdate,'dqaadmin',sysdate,0);
insert into COUNTRY (COUNTRY_CODE,COUNTRY_NAME,RECORD_STATUS,MODIFY_USER,MODIFY_DATE,CREATE_USER,CREATE_DATE,VERSION) values ('FI','FINLAND','A','dqaadmin',sysdate,'dqaadmin',sysdate,0);
insert into COUNTRY (COUNTRY_CODE,COUNTRY_NAME,RECORD_STATUS,MODIFY_USER,MODIFY_DATE,CREATE_USER,CREATE_DATE,VERSION) values ('FJ','FIJI','A','dqaadmin',sysdate,'dqaadmin',sysdate,0);
insert into COUNTRY (COUNTRY_CODE,COUNTRY_NAME,RECORD_STATUS,MODIFY_USER,MODIFY_DATE,CREATE_USER,CREATE_DATE,VERSION) values ('FK','FALKLAND ISLANDS (MALVINAS)','A','dqaadmin',sysdate,'dqaadmin',sysdate,0);
insert into COUNTRY (COUNTRY_CODE,COUNTRY_NAME,RECORD_STATUS,MODIFY_USER,MODIFY_DATE,CREATE_USER,CREATE_DATE,VERSION) values ('FR','FRANCE','A','dqaadmin',sysdate,'dqaadmin',sysdate,0);
insert into COUNTRY (COUNTRY_CODE,COUNTRY_NAME,RECORD_STATUS,MODIFY_USER,MODIFY_DATE,CREATE_USER,CREATE_DATE,VERSION) values ('FO','FAROE ISLANDS','A','dqaadmin',sysdate,'dqaadmin',sysdate,0);
insert into COUNTRY (COUNTRY_CODE,COUNTRY_NAME,RECORD_STATUS,MODIFY_USER,MODIFY_DATE,CREATE_USER,CREATE_DATE,VERSION) values ('FM','MICRONESIA, FEDERATED STATES OF','A','dqaadmin',sysdate,'dqaadmin',sysdate,0);
insert into COUNTRY (COUNTRY_CODE,COUNTRY_NAME,RECORD_STATUS,MODIFY_USER,MODIFY_DATE,CREATE_USER,CREATE_DATE,VERSION) values ('GA','GABON','A','dqaadmin',sysdate,'dqaadmin',sysdate,0);
insert into COUNTRY (COUNTRY_CODE,COUNTRY_NAME,RECORD_STATUS,MODIFY_USER,MODIFY_DATE,CREATE_USER,CREATE_DATE,VERSION) values ('GB','UNITED KINGDOM','A','dqaadmin',sysdate,'dqaadmin',sysdate,0);
insert into COUNTRY (COUNTRY_CODE,COUNTRY_NAME,RECORD_STATUS,MODIFY_USER,MODIFY_DATE,CREATE_USER,CREATE_DATE,VERSION) values ('GE','GEORGIA','A','dqaadmin',sysdate,'dqaadmin',sysdate,0);
insert into COUNTRY (COUNTRY_CODE,COUNTRY_NAME,RECORD_STATUS,MODIFY_USER,MODIFY_DATE,CREATE_USER,CREATE_DATE,VERSION) values ('GH','GHANA','A','dqaadmin',sysdate,'dqaadmin',sysdate,0);
insert into COUNTRY (COUNTRY_CODE,COUNTRY_NAME,RECORD_STATUS,MODIFY_USER,MODIFY_DATE,CREATE_USER,CREATE_DATE,VERSION) values ('GI','GIBRALTAR','A','dqaadmin',sysdate,'dqaadmin',sysdate,0);
insert into COUNTRY (COUNTRY_CODE,COUNTRY_NAME,RECORD_STATUS,MODIFY_USER,MODIFY_DATE,CREATE_USER,CREATE_DATE,VERSION) values ('GN','GUINEA','A','dqaadmin',sysdate,'dqaadmin',sysdate,0);
insert into COUNTRY (COUNTRY_CODE,COUNTRY_NAME,RECORD_STATUS,MODIFY_USER,MODIFY_DATE,CREATE_USER,CREATE_DATE,VERSION) values ('GP','GUADELOUPE','A','dqaadmin',sysdate,'dqaadmin',sysdate,0);
insert into COUNTRY (COUNTRY_CODE,COUNTRY_NAME,RECORD_STATUS,MODIFY_USER,MODIFY_DATE,CREATE_USER,CREATE_DATE,VERSION) values ('GM','GAMBIA','A','dqaadmin',sysdate,'dqaadmin',sysdate,0);
insert into COUNTRY (COUNTRY_CODE,COUNTRY_NAME,RECORD_STATUS,MODIFY_USER,MODIFY_DATE,CREATE_USER,CREATE_DATE,VERSION) values ('GW','GUINEA-BISSAU','A','dqaadmin',sysdate,'dqaadmin',sysdate,0);
insert into COUNTRY (COUNTRY_CODE,COUNTRY_NAME,RECORD_STATUS,MODIFY_USER,MODIFY_DATE,CREATE_USER,CREATE_DATE,VERSION) values ('GQ','EQUATORIAL GUINEA','A','dqaadmin',sysdate,'dqaadmin',sysdate,0);
insert into COUNTRY (COUNTRY_CODE,COUNTRY_NAME,RECORD_STATUS,MODIFY_USER,MODIFY_DATE,CREATE_USER,CREATE_DATE,VERSION) values ('GR','GREECE','A','dqaadmin',sysdate,'dqaadmin',sysdate,0);
insert into COUNTRY (COUNTRY_CODE,COUNTRY_NAME,RECORD_STATUS,MODIFY_USER,MODIFY_DATE,CREATE_USER,CREATE_DATE,VERSION) values ('GD','GRENADA','A','dqaadmin',sysdate,'dqaadmin',sysdate,0);
insert into COUNTRY (COUNTRY_CODE,COUNTRY_NAME,RECORD_STATUS,MODIFY_USER,MODIFY_DATE,CREATE_USER,CREATE_DATE,VERSION) values ('GL','GREENLAND','A','dqaadmin',sysdate,'dqaadmin',sysdate,0);
insert into COUNTRY (COUNTRY_CODE,COUNTRY_NAME,RECORD_STATUS,MODIFY_USER,MODIFY_DATE,CREATE_USER,CREATE_DATE,VERSION) values ('GT','GUATEMALA','A','dqaadmin',sysdate,'dqaadmin',sysdate,0);
insert into COUNTRY (COUNTRY_CODE,COUNTRY_NAME,RECORD_STATUS,MODIFY_USER,MODIFY_DATE,CREATE_USER,CREATE_DATE,VERSION) values ('GF','FRENCH GUIANA','A','dqaadmin',sysdate,'dqaadmin',sysdate,0);
insert into COUNTRY (COUNTRY_CODE,COUNTRY_NAME,RECORD_STATUS,MODIFY_USER,MODIFY_DATE,CREATE_USER,CREATE_DATE,VERSION) values ('GU','GUAM','A','dqaadmin',sysdate,'dqaadmin',sysdate,0);
insert into COUNTRY (COUNTRY_CODE,COUNTRY_NAME,RECORD_STATUS,MODIFY_USER,MODIFY_DATE,CREATE_USER,CREATE_DATE,VERSION) values ('GY','GUYANA','A','dqaadmin',sysdate,'dqaadmin',sysdate,0);
insert into COUNTRY (COUNTRY_CODE,COUNTRY_NAME,RECORD_STATUS,MODIFY_USER,MODIFY_DATE,CREATE_USER,CREATE_DATE,VERSION) values ('HK','HONG KONG','A','dqaadmin',sysdate,'dqaadmin',sysdate,0);
insert into COUNTRY (COUNTRY_CODE,COUNTRY_NAME,RECORD_STATUS,MODIFY_USER,MODIFY_DATE,CREATE_USER,CREATE_DATE,VERSION) values ('HM','HEARD AND MC DONALD ISLANDS','A','dqaadmin',sysdate,'dqaadmin',sysdate,0);
insert into COUNTRY (COUNTRY_CODE,COUNTRY_NAME,RECORD_STATUS,MODIFY_USER,MODIFY_DATE,CREATE_USER,CREATE_DATE,VERSION) values ('HN','HONDURAS','A','dqaadmin',sysdate,'dqaadmin',sysdate,0);
insert into COUNTRY (COUNTRY_CODE,COUNTRY_NAME,RECORD_STATUS,MODIFY_USER,MODIFY_DATE,CREATE_USER,CREATE_DATE,VERSION) values ('HR','CROATIA (LOCAL NAME: HRVATSKA)','A','dqaadmin',sysdate,'dqaadmin',sysdate,0);
insert into COUNTRY (COUNTRY_CODE,COUNTRY_NAME,RECORD_STATUS,MODIFY_USER,MODIFY_DATE,CREATE_USER,CREATE_DATE,VERSION) values ('HT','HAITI','A','dqaadmin',sysdate,'dqaadmin',sysdate,0);
insert into COUNTRY (COUNTRY_CODE,COUNTRY_NAME,RECORD_STATUS,MODIFY_USER,MODIFY_DATE,CREATE_USER,CREATE_DATE,VERSION) values ('HU','HUNGARY','A','dqaadmin',sysdate,'dqaadmin',sysdate,0);
insert into COUNTRY (COUNTRY_CODE,COUNTRY_NAME,RECORD_STATUS,MODIFY_USER,MODIFY_DATE,CREATE_USER,CREATE_DATE,VERSION) values ('ID','INDONESIA','A','dqaadmin',sysdate,'dqaadmin',sysdate,0);
insert into COUNTRY (COUNTRY_CODE,COUNTRY_NAME,RECORD_STATUS,MODIFY_USER,MODIFY_DATE,CREATE_USER,CREATE_DATE,VERSION) values ('IN','INDIA','A','dqaadmin',sysdate,'dqaadmin',sysdate,0);
insert into COUNTRY (COUNTRY_CODE,COUNTRY_NAME,RECORD_STATUS,MODIFY_USER,MODIFY_DATE,CREATE_USER,CREATE_DATE,VERSION) values ('IO','BRITISH INDIAN OCEAN TERRITORY','A','dqaadmin',sysdate,'dqaadmin',sysdate,0);
insert into COUNTRY (COUNTRY_CODE,COUNTRY_NAME,RECORD_STATUS,MODIFY_USER,MODIFY_DATE,CREATE_USER,CREATE_DATE,VERSION) values ('IE','IRELAND','A','dqaadmin',sysdate,'dqaadmin',sysdate,0);
insert into COUNTRY (COUNTRY_CODE,COUNTRY_NAME,RECORD_STATUS,MODIFY_USER,MODIFY_DATE,CREATE_USER,CREATE_DATE,VERSION) values ('IR','IRAN (ISLAMIC REPUBLIC OF)','A','dqaadmin',sysdate,'dqaadmin',sysdate,0);
insert into COUNTRY (COUNTRY_CODE,COUNTRY_NAME,RECORD_STATUS,MODIFY_USER,MODIFY_DATE,CREATE_USER,CREATE_DATE,VERSION) values ('IQ','IRAQ','A','dqaadmin',sysdate,'dqaadmin',sysdate,0);
insert into COUNTRY (COUNTRY_CODE,COUNTRY_NAME,RECORD_STATUS,MODIFY_USER,MODIFY_DATE,CREATE_USER,CREATE_DATE,VERSION) values ('IS','ICELAND','A','dqaadmin',sysdate,'dqaadmin',sysdate,0);
insert into COUNTRY (COUNTRY_CODE,COUNTRY_NAME,RECORD_STATUS,MODIFY_USER,MODIFY_DATE,CREATE_USER,CREATE_DATE,VERSION) values ('IL','ISRAEL','A','dqaadmin',sysdate,'dqaadmin',sysdate,0);
insert into COUNTRY (COUNTRY_CODE,COUNTRY_NAME,RECORD_STATUS,MODIFY_USER,MODIFY_DATE,CREATE_USER,CREATE_DATE,VERSION) values ('IT','ITALY','A','dqaadmin',sysdate,'dqaadmin',sysdate,0);
insert into COUNTRY (COUNTRY_CODE,COUNTRY_NAME,RECORD_STATUS,MODIFY_USER,MODIFY_DATE,CREATE_USER,CREATE_DATE,VERSION) values ('JM','JAMAICA','A','dqaadmin',sysdate,'dqaadmin',sysdate,0);
insert into COUNTRY (COUNTRY_CODE,COUNTRY_NAME,RECORD_STATUS,MODIFY_USER,MODIFY_DATE,CREATE_USER,CREATE_DATE,VERSION) values ('JO','JORDAN','A','dqaadmin',sysdate,'dqaadmin',sysdate,0);
insert into COUNTRY (COUNTRY_CODE,COUNTRY_NAME,RECORD_STATUS,MODIFY_USER,MODIFY_DATE,CREATE_USER,CREATE_DATE,VERSION) values ('JP','JAPAN','A','dqaadmin',sysdate,'dqaadmin',sysdate,0);
insert into COUNTRY (COUNTRY_CODE,COUNTRY_NAME,RECORD_STATUS,MODIFY_USER,MODIFY_DATE,CREATE_USER,CREATE_DATE,VERSION) values ('KZ','KAZAKHSTAN','A','dqaadmin',sysdate,'dqaadmin',sysdate,0);
insert into COUNTRY (COUNTRY_CODE,COUNTRY_NAME,RECORD_STATUS,MODIFY_USER,MODIFY_DATE,CREATE_USER,CREATE_DATE,VERSION) values ('KE','KENYA','A','dqaadmin',sysdate,'dqaadmin',sysdate,0);
insert into COUNTRY (COUNTRY_CODE,COUNTRY_NAME,RECORD_STATUS,MODIFY_USER,MODIFY_DATE,CREATE_USER,CREATE_DATE,VERSION) values ('KG','KYRGYZSTAN','A','dqaadmin',sysdate,'dqaadmin',sysdate,0);
insert into COUNTRY (COUNTRY_CODE,COUNTRY_NAME,RECORD_STATUS,MODIFY_USER,MODIFY_DATE,CREATE_USER,CREATE_DATE,VERSION) values ('KH','CAMBODIA','A','dqaadmin',sysdate,'dqaadmin',sysdate,0);
insert into COUNTRY (COUNTRY_CODE,COUNTRY_NAME,RECORD_STATUS,MODIFY_USER,MODIFY_DATE,CREATE_USER,CREATE_DATE,VERSION) values ('KI','KIRIBATI','A','dqaadmin',sysdate,'dqaadmin',sysdate,0);
insert into COUNTRY (COUNTRY_CODE,COUNTRY_NAME,RECORD_STATUS,MODIFY_USER,MODIFY_DATE,CREATE_USER,CREATE_DATE,VERSION) values ('KN','SAINT KITTS AND NEVIS','A','dqaadmin',sysdate,'dqaadmin',sysdate,0);
insert into COUNTRY (COUNTRY_CODE,COUNTRY_NAME,RECORD_STATUS,MODIFY_USER,MODIFY_DATE,CREATE_USER,CREATE_DATE,VERSION) values ('KR','KOREA, REPUBLIC OF','A','dqaadmin',sysdate,'dqaadmin',sysdate,0);
insert into COUNTRY (COUNTRY_CODE,COUNTRY_NAME,RECORD_STATUS,MODIFY_USER,MODIFY_DATE,CREATE_USER,CREATE_DATE,VERSION) values ('KW','KUWAIT','A','dqaadmin',sysdate,'dqaadmin',sysdate,0);
insert into COUNTRY (COUNTRY_CODE,COUNTRY_NAME,RECORD_STATUS,MODIFY_USER,MODIFY_DATE,CREATE_USER,CREATE_DATE,VERSION) values ('LA','LAO PEOPLE`S DEMOCRATIC REPUBLIC','A','dqaadmin',sysdate,'dqaadmin',sysdate,0);
insert into COUNTRY (COUNTRY_CODE,COUNTRY_NAME,RECORD_STATUS,MODIFY_USER,MODIFY_DATE,CREATE_USER,CREATE_DATE,VERSION) values ('LB','LEBANON','A','dqaadmin',sysdate,'dqaadmin',sysdate,0);
insert into COUNTRY (COUNTRY_CODE,COUNTRY_NAME,RECORD_STATUS,MODIFY_USER,MODIFY_DATE,CREATE_USER,CREATE_DATE,VERSION) values ('LR','LIBERIA','A','dqaadmin',sysdate,'dqaadmin',sysdate,0);
insert into COUNTRY (COUNTRY_CODE,COUNTRY_NAME,RECORD_STATUS,MODIFY_USER,MODIFY_DATE,CREATE_USER,CREATE_DATE,VERSION) values ('LY','LIBYAN ARAB JAMAHIRIYA','A','dqaadmin',sysdate,'dqaadmin',sysdate,0);
insert into COUNTRY (COUNTRY_CODE,COUNTRY_NAME,RECORD_STATUS,MODIFY_USER,MODIFY_DATE,CREATE_USER,CREATE_DATE,VERSION) values ('LC','SAINT LUCIA','A','dqaadmin',sysdate,'dqaadmin',sysdate,0);
insert into COUNTRY (COUNTRY_CODE,COUNTRY_NAME,RECORD_STATUS,MODIFY_USER,MODIFY_DATE,CREATE_USER,CREATE_DATE,VERSION) values ('LI','LIECHTENSTEIN','A','dqaadmin',sysdate,'dqaadmin',sysdate,0);
insert into COUNTRY (COUNTRY_CODE,COUNTRY_NAME,RECORD_STATUS,MODIFY_USER,MODIFY_DATE,CREATE_USER,CREATE_DATE,VERSION) values ('LK','SRI LANKA','A','dqaadmin',sysdate,'dqaadmin',sysdate,0);
insert into COUNTRY (COUNTRY_CODE,COUNTRY_NAME,RECORD_STATUS,MODIFY_USER,MODIFY_DATE,CREATE_USER,CREATE_DATE,VERSION) values ('LS','LESOTHO','A','dqaadmin',sysdate,'dqaadmin',sysdate,0);
insert into COUNTRY (COUNTRY_CODE,COUNTRY_NAME,RECORD_STATUS,MODIFY_USER,MODIFY_DATE,CREATE_USER,CREATE_DATE,VERSION) values ('LT','LITHUANIA','A','dqaadmin',sysdate,'dqaadmin',sysdate,0);
insert into COUNTRY (COUNTRY_CODE,COUNTRY_NAME,RECORD_STATUS,MODIFY_USER,MODIFY_DATE,CREATE_USER,CREATE_DATE,VERSION) values ('LU','LUXEMBOURG','A','dqaadmin',sysdate,'dqaadmin',sysdate,0);
insert into COUNTRY (COUNTRY_CODE,COUNTRY_NAME,RECORD_STATUS,MODIFY_USER,MODIFY_DATE,CREATE_USER,CREATE_DATE,VERSION) values ('LV','LATVIA','A','dqaadmin',sysdate,'dqaadmin',sysdate,0);
insert into COUNTRY (COUNTRY_CODE,COUNTRY_NAME,RECORD_STATUS,MODIFY_USER,MODIFY_DATE,CREATE_USER,CREATE_DATE,VERSION) values ('MO','MACAU','A','dqaadmin',sysdate,'dqaadmin',sysdate,0);
insert into COUNTRY (COUNTRY_CODE,COUNTRY_NAME,RECORD_STATUS,MODIFY_USER,MODIFY_DATE,CREATE_USER,CREATE_DATE,VERSION) values ('MA','MOROCCO','A','dqaadmin',sysdate,'dqaadmin',sysdate,0);
insert into COUNTRY (COUNTRY_CODE,COUNTRY_NAME,RECORD_STATUS,MODIFY_USER,MODIFY_DATE,CREATE_USER,CREATE_DATE,VERSION) values ('MC','MONACO','A','dqaadmin',sysdate,'dqaadmin',sysdate,0);
insert into COUNTRY (COUNTRY_CODE,COUNTRY_NAME,RECORD_STATUS,MODIFY_USER,MODIFY_DATE,CREATE_USER,CREATE_DATE,VERSION) values ('MD','MOLDOVA, REPUBLIC OF','A','dqaadmin',sysdate,'dqaadmin',sysdate,0);
insert into COUNTRY (COUNTRY_CODE,COUNTRY_NAME,RECORD_STATUS,MODIFY_USER,MODIFY_DATE,CREATE_USER,CREATE_DATE,VERSION) values ('MG','MADAGASCAR','A','dqaadmin',sysdate,'dqaadmin',sysdate,0);
insert into COUNTRY (COUNTRY_CODE,COUNTRY_NAME,RECORD_STATUS,MODIFY_USER,MODIFY_DATE,CREATE_USER,CREATE_DATE,VERSION) values ('MV','MALDIVES','A','dqaadmin',sysdate,'dqaadmin',sysdate,0);
insert into COUNTRY (COUNTRY_CODE,COUNTRY_NAME,RECORD_STATUS,MODIFY_USER,MODIFY_DATE,CREATE_USER,CREATE_DATE,VERSION) values ('MX','MEXICO','A','dqaadmin',sysdate,'dqaadmin',sysdate,0);
insert into COUNTRY (COUNTRY_CODE,COUNTRY_NAME,RECORD_STATUS,MODIFY_USER,MODIFY_DATE,CREATE_USER,CREATE_DATE,VERSION) values ('MH','MARSHALL ISLANDS','A','dqaadmin',sysdate,'dqaadmin',sysdate,0);
insert into COUNTRY (COUNTRY_CODE,COUNTRY_NAME,RECORD_STATUS,MODIFY_USER,MODIFY_DATE,CREATE_USER,CREATE_DATE,VERSION) values ('MK','MACEDONIA, THE FORMER YUGOSLAV REPUBLIC OF','A','dqaadmin',sysdate,'dqaadmin',sysdate,0);
insert into COUNTRY (COUNTRY_CODE,COUNTRY_NAME,RECORD_STATUS,MODIFY_USER,MODIFY_DATE,CREATE_USER,CREATE_DATE,VERSION) values ('ML','MALI','A','dqaadmin',sysdate,'dqaadmin',sysdate,0);
insert into COUNTRY (COUNTRY_CODE,COUNTRY_NAME,RECORD_STATUS,MODIFY_USER,MODIFY_DATE,CREATE_USER,CREATE_DATE,VERSION) values ('MT','MALTA','A','dqaadmin',sysdate,'dqaadmin',sysdate,0);
insert into COUNTRY (COUNTRY_CODE,COUNTRY_NAME,RECORD_STATUS,MODIFY_USER,MODIFY_DATE,CREATE_USER,CREATE_DATE,VERSION) values ('MM','MYANMAR','A','dqaadmin',sysdate,'dqaadmin',sysdate,0);
insert into COUNTRY (COUNTRY_CODE,COUNTRY_NAME,RECORD_STATUS,MODIFY_USER,MODIFY_DATE,CREATE_USER,CREATE_DATE,VERSION) values ('MN','MONGOLIA','A','dqaadmin',sysdate,'dqaadmin',sysdate,0);
insert into COUNTRY (COUNTRY_CODE,COUNTRY_NAME,RECORD_STATUS,MODIFY_USER,MODIFY_DATE,CREATE_USER,CREATE_DATE,VERSION) values ('MP','NORTHERN MARIANA ISLANDS','A','dqaadmin',sysdate,'dqaadmin',sysdate,0);
insert into COUNTRY (COUNTRY_CODE,COUNTRY_NAME,RECORD_STATUS,MODIFY_USER,MODIFY_DATE,CREATE_USER,CREATE_DATE,VERSION) values ('MZ','MOZAMBIQUE','A','dqaadmin',sysdate,'dqaadmin',sysdate,0);
insert into COUNTRY (COUNTRY_CODE,COUNTRY_NAME,RECORD_STATUS,MODIFY_USER,MODIFY_DATE,CREATE_USER,CREATE_DATE,VERSION) values ('MR','MAURITANIA','A','dqaadmin',sysdate,'dqaadmin',sysdate,0);
insert into COUNTRY (COUNTRY_CODE,COUNTRY_NAME,RECORD_STATUS,MODIFY_USER,MODIFY_DATE,CREATE_USER,CREATE_DATE,VERSION) values ('MS','MONTSERRAT','A','dqaadmin',sysdate,'dqaadmin',sysdate,0);
insert into COUNTRY (COUNTRY_CODE,COUNTRY_NAME,RECORD_STATUS,MODIFY_USER,MODIFY_DATE,CREATE_USER,CREATE_DATE,VERSION) values ('MQ','MARTINIQUE','A','dqaadmin',sysdate,'dqaadmin',sysdate,0);
insert into COUNTRY (COUNTRY_CODE,COUNTRY_NAME,RECORD_STATUS,MODIFY_USER,MODIFY_DATE,CREATE_USER,CREATE_DATE,VERSION) values ('MU','MAURITIUS','A','dqaadmin',sysdate,'dqaadmin',sysdate,0);
insert into COUNTRY (COUNTRY_CODE,COUNTRY_NAME,RECORD_STATUS,MODIFY_USER,MODIFY_DATE,CREATE_USER,CREATE_DATE,VERSION) values ('MW','MALAWI','A','dqaadmin',sysdate,'dqaadmin',sysdate,0);
insert into COUNTRY (COUNTRY_CODE,COUNTRY_NAME,RECORD_STATUS,MODIFY_USER,MODIFY_DATE,CREATE_USER,CREATE_DATE,VERSION) values ('MY','MALAYSIA','A','dqaadmin',sysdate,'dqaadmin',sysdate,0);
insert into COUNTRY (COUNTRY_CODE,COUNTRY_NAME,RECORD_STATUS,MODIFY_USER,MODIFY_DATE,CREATE_USER,CREATE_DATE,VERSION) values ('YT','MAYOTTE','A','dqaadmin',sysdate,'dqaadmin',sysdate,0);
insert into COUNTRY (COUNTRY_CODE,COUNTRY_NAME,RECORD_STATUS,MODIFY_USER,MODIFY_DATE,CREATE_USER,CREATE_DATE,VERSION) values ('NA','NAMIBIA','A','dqaadmin',sysdate,'dqaadmin',sysdate,0);
insert into COUNTRY (COUNTRY_CODE,COUNTRY_NAME,RECORD_STATUS,MODIFY_USER,MODIFY_DATE,CREATE_USER,CREATE_DATE,VERSION) values ('NC','NEW CALEDONIA','A','dqaadmin',sysdate,'dqaadmin',sysdate,0);
insert into COUNTRY (COUNTRY_CODE,COUNTRY_NAME,RECORD_STATUS,MODIFY_USER,MODIFY_DATE,CREATE_USER,CREATE_DATE,VERSION) values ('NE','NIGER','A','dqaadmin',sysdate,'dqaadmin',sysdate,0);
insert into COUNTRY (COUNTRY_CODE,COUNTRY_NAME,RECORD_STATUS,MODIFY_USER,MODIFY_DATE,CREATE_USER,CREATE_DATE,VERSION) values ('NF','NORFOLK ISLAND','A','dqaadmin',sysdate,'dqaadmin',sysdate,0);
insert into COUNTRY (COUNTRY_CODE,COUNTRY_NAME,RECORD_STATUS,MODIFY_USER,MODIFY_DATE,CREATE_USER,CREATE_DATE,VERSION) values ('NG','NIGERIA','A','dqaadmin',sysdate,'dqaadmin',sysdate,0);
insert into COUNTRY (COUNTRY_CODE,COUNTRY_NAME,RECORD_STATUS,MODIFY_USER,MODIFY_DATE,CREATE_USER,CREATE_DATE,VERSION) values ('NI','NICARAGUA','A','dqaadmin',sysdate,'dqaadmin',sysdate,0);
insert into COUNTRY (COUNTRY_CODE,COUNTRY_NAME,RECORD_STATUS,MODIFY_USER,MODIFY_DATE,CREATE_USER,CREATE_DATE,VERSION) values ('NU','NIUE','A','dqaadmin',sysdate,'dqaadmin',sysdate,0);
insert into COUNTRY (COUNTRY_CODE,COUNTRY_NAME,RECORD_STATUS,MODIFY_USER,MODIFY_DATE,CREATE_USER,CREATE_DATE,VERSION) values ('NL','NETHERLANDS','A','dqaadmin',sysdate,'dqaadmin',sysdate,0);
insert into COUNTRY (COUNTRY_CODE,COUNTRY_NAME,RECORD_STATUS,MODIFY_USER,MODIFY_DATE,CREATE_USER,CREATE_DATE,VERSION) values ('NO','NORWAY','A','dqaadmin',sysdate,'dqaadmin',sysdate,0);
insert into COUNTRY (COUNTRY_CODE,COUNTRY_NAME,RECORD_STATUS,MODIFY_USER,MODIFY_DATE,CREATE_USER,CREATE_DATE,VERSION) values ('NP','NEPAL','A','dqaadmin',sysdate,'dqaadmin',sysdate,0);
insert into COUNTRY (COUNTRY_CODE,COUNTRY_NAME,RECORD_STATUS,MODIFY_USER,MODIFY_DATE,CREATE_USER,CREATE_DATE,VERSION) values ('NR','NAURU','A','dqaadmin',sysdate,'dqaadmin',sysdate,0);
insert into COUNTRY (COUNTRY_CODE,COUNTRY_NAME,RECORD_STATUS,MODIFY_USER,MODIFY_DATE,CREATE_USER,CREATE_DATE,VERSION) values ('NZ','NEW ZEALAND','A','dqaadmin',sysdate,'dqaadmin',sysdate,0);
insert into COUNTRY (COUNTRY_CODE,COUNTRY_NAME,RECORD_STATUS,MODIFY_USER,MODIFY_DATE,CREATE_USER,CREATE_DATE,VERSION) values ('OM','OMAN','A','dqaadmin',sysdate,'dqaadmin',sysdate,0);
insert into COUNTRY (COUNTRY_CODE,COUNTRY_NAME,RECORD_STATUS,MODIFY_USER,MODIFY_DATE,CREATE_USER,CREATE_DATE,VERSION) values ('PK','PAKISTAN','A','dqaadmin',sysdate,'dqaadmin',sysdate,0);
insert into COUNTRY (COUNTRY_CODE,COUNTRY_NAME,RECORD_STATUS,MODIFY_USER,MODIFY_DATE,CREATE_USER,CREATE_DATE,VERSION) values ('PA','PANAMA','A','dqaadmin',sysdate,'dqaadmin',sysdate,0);
insert into COUNTRY (COUNTRY_CODE,COUNTRY_NAME,RECORD_STATUS,MODIFY_USER,MODIFY_DATE,CREATE_USER,CREATE_DATE,VERSION) values ('PN','PITCAIRN','A','dqaadmin',sysdate,'dqaadmin',sysdate,0);
insert into COUNTRY (COUNTRY_CODE,COUNTRY_NAME,RECORD_STATUS,MODIFY_USER,MODIFY_DATE,CREATE_USER,CREATE_DATE,VERSION) values ('PE','PERU','A','dqaadmin',sysdate,'dqaadmin',sysdate,0);
insert into COUNTRY (COUNTRY_CODE,COUNTRY_NAME,RECORD_STATUS,MODIFY_USER,MODIFY_DATE,CREATE_USER,CREATE_DATE,VERSION) values ('PH','PHILIPPINES','A','dqaadmin',sysdate,'dqaadmin',sysdate,0);
insert into COUNTRY (COUNTRY_CODE,COUNTRY_NAME,RECORD_STATUS,MODIFY_USER,MODIFY_DATE,CREATE_USER,CREATE_DATE,VERSION) values ('PW','PALAU','A','dqaadmin',sysdate,'dqaadmin',sysdate,0);
insert into COUNTRY (COUNTRY_CODE,COUNTRY_NAME,RECORD_STATUS,MODIFY_USER,MODIFY_DATE,CREATE_USER,CREATE_DATE,VERSION) values ('PG','PAPUA NEW GUINEA','A','dqaadmin',sysdate,'dqaadmin',sysdate,0);
insert into COUNTRY (COUNTRY_CODE,COUNTRY_NAME,RECORD_STATUS,MODIFY_USER,MODIFY_DATE,CREATE_USER,CREATE_DATE,VERSION) values ('PL','POLAND','A','dqaadmin',sysdate,'dqaadmin',sysdate,0);
insert into COUNTRY (COUNTRY_CODE,COUNTRY_NAME,RECORD_STATUS,MODIFY_USER,MODIFY_DATE,CREATE_USER,CREATE_DATE,VERSION) values ('PR','PUERTO RICO','A','dqaadmin',sysdate,'dqaadmin',sysdate,0);
insert into COUNTRY (COUNTRY_CODE,COUNTRY_NAME,RECORD_STATUS,MODIFY_USER,MODIFY_DATE,CREATE_USER,CREATE_DATE,VERSION) values ('KP','KOREA, DEMOCRATIC PEOPLE`S REPUBLIC OF','A','dqaadmin',sysdate,'dqaadmin',sysdate,0);
insert into COUNTRY (COUNTRY_CODE,COUNTRY_NAME,RECORD_STATUS,MODIFY_USER,MODIFY_DATE,CREATE_USER,CREATE_DATE,VERSION) values ('PT','PORTUGAL','A','dqaadmin',sysdate,'dqaadmin',sysdate,0);
insert into COUNTRY (COUNTRY_CODE,COUNTRY_NAME,RECORD_STATUS,MODIFY_USER,MODIFY_DATE,CREATE_USER,CREATE_DATE,VERSION) values ('PY','PARAGUAY','A','dqaadmin',sysdate,'dqaadmin',sysdate,0);
insert into COUNTRY (COUNTRY_CODE,COUNTRY_NAME,RECORD_STATUS,MODIFY_USER,MODIFY_DATE,CREATE_USER,CREATE_DATE,VERSION) values ('PS','PALESTINIAN TERRITORY, OCCUPIED','A','dqaadmin',sysdate,'dqaadmin',sysdate,0);
insert into COUNTRY (COUNTRY_CODE,COUNTRY_NAME,RECORD_STATUS,MODIFY_USER,MODIFY_DATE,CREATE_USER,CREATE_DATE,VERSION) values ('PF','FRENCH POLYNESIA','A','dqaadmin',sysdate,'dqaadmin',sysdate,0);
insert into COUNTRY (COUNTRY_CODE,COUNTRY_NAME,RECORD_STATUS,MODIFY_USER,MODIFY_DATE,CREATE_USER,CREATE_DATE,VERSION) values ('QA','QATAR','A','dqaadmin',sysdate,'dqaadmin',sysdate,0);
insert into COUNTRY (COUNTRY_CODE,COUNTRY_NAME,RECORD_STATUS,MODIFY_USER,MODIFY_DATE,CREATE_USER,CREATE_DATE,VERSION) values ('RE','REUNION','A','dqaadmin',sysdate,'dqaadmin',sysdate,0);
insert into COUNTRY (COUNTRY_CODE,COUNTRY_NAME,RECORD_STATUS,MODIFY_USER,MODIFY_DATE,CREATE_USER,CREATE_DATE,VERSION) values ('RO','ROMANIA','A','dqaadmin',sysdate,'dqaadmin',sysdate,0);
insert into COUNTRY (COUNTRY_CODE,COUNTRY_NAME,RECORD_STATUS,MODIFY_USER,MODIFY_DATE,CREATE_USER,CREATE_DATE,VERSION) values ('RU','RUSSIAN FEDERATION','A','dqaadmin',sysdate,'dqaadmin',sysdate,0);
insert into COUNTRY (COUNTRY_CODE,COUNTRY_NAME,RECORD_STATUS,MODIFY_USER,MODIFY_DATE,CREATE_USER,CREATE_DATE,VERSION) values ('RW','RWANDA','A','dqaadmin',sysdate,'dqaadmin',sysdate,0);
insert into COUNTRY (COUNTRY_CODE,COUNTRY_NAME,RECORD_STATUS,MODIFY_USER,MODIFY_DATE,CREATE_USER,CREATE_DATE,VERSION) values ('SA','SAUDI ARABIA','A','dqaadmin',sysdate,'dqaadmin',sysdate,0);
insert into COUNTRY (COUNTRY_CODE,COUNTRY_NAME,RECORD_STATUS,MODIFY_USER,MODIFY_DATE,CREATE_USER,CREATE_DATE,VERSION) values ('SD','SUDAN','A','dqaadmin',sysdate,'dqaadmin',sysdate,0);
insert into COUNTRY (COUNTRY_CODE,COUNTRY_NAME,RECORD_STATUS,MODIFY_USER,MODIFY_DATE,CREATE_USER,CREATE_DATE,VERSION) values ('SN','SENEGAL','A','dqaadmin',sysdate,'dqaadmin',sysdate,0);
insert into COUNTRY (COUNTRY_CODE,COUNTRY_NAME,RECORD_STATUS,MODIFY_USER,MODIFY_DATE,CREATE_USER,CREATE_DATE,VERSION) values ('SG','SINGAPORE','A','dqaadmin',sysdate,'dqaadmin',sysdate,0);
insert into COUNTRY (COUNTRY_CODE,COUNTRY_NAME,RECORD_STATUS,MODIFY_USER,MODIFY_DATE,CREATE_USER,CREATE_DATE,VERSION) values ('GS','SOUTH GEORGIA AND THE SOUTH SANDWICH ISLANDS','A','dqaadmin',sysdate,'dqaadmin',sysdate,0);
insert into COUNTRY (COUNTRY_CODE,COUNTRY_NAME,RECORD_STATUS,MODIFY_USER,MODIFY_DATE,CREATE_USER,CREATE_DATE,VERSION) values ('SH','ST. HELENA','A','dqaadmin',sysdate,'dqaadmin',sysdate,0);
insert into COUNTRY (COUNTRY_CODE,COUNTRY_NAME,RECORD_STATUS,MODIFY_USER,MODIFY_DATE,CREATE_USER,CREATE_DATE,VERSION) values ('SJ','SVALBARD AND JAN MAYEN ISLANDS','A','dqaadmin',sysdate,'dqaadmin',sysdate,0);
insert into COUNTRY (COUNTRY_CODE,COUNTRY_NAME,RECORD_STATUS,MODIFY_USER,MODIFY_DATE,CREATE_USER,CREATE_DATE,VERSION) values ('SB','SOLOMON ISLANDS','A','dqaadmin',sysdate,'dqaadmin',sysdate,0);
insert into COUNTRY (COUNTRY_CODE,COUNTRY_NAME,RECORD_STATUS,MODIFY_USER,MODIFY_DATE,CREATE_USER,CREATE_DATE,VERSION) values ('SL','SIERRA LEONE','A','dqaadmin',sysdate,'dqaadmin',sysdate,0);
insert into COUNTRY (COUNTRY_CODE,COUNTRY_NAME,RECORD_STATUS,MODIFY_USER,MODIFY_DATE,CREATE_USER,CREATE_DATE,VERSION) values ('SV','EL SALVADOR','A','dqaadmin',sysdate,'dqaadmin',sysdate,0);
insert into COUNTRY (COUNTRY_CODE,COUNTRY_NAME,RECORD_STATUS,MODIFY_USER,MODIFY_DATE,CREATE_USER,CREATE_DATE,VERSION) values ('SM','SAN MARINO','A','dqaadmin',sysdate,'dqaadmin',sysdate,0);
insert into COUNTRY (COUNTRY_CODE,COUNTRY_NAME,RECORD_STATUS,MODIFY_USER,MODIFY_DATE,CREATE_USER,CREATE_DATE,VERSION) values ('SO','SOMALIA','A','dqaadmin',sysdate,'dqaadmin',sysdate,0);
insert into COUNTRY (COUNTRY_CODE,COUNTRY_NAME,RECORD_STATUS,MODIFY_USER,MODIFY_DATE,CREATE_USER,CREATE_DATE,VERSION) values ('PM','ST. PIERRE AND MIQUELON','A','dqaadmin',sysdate,'dqaadmin',sysdate,0);
insert into COUNTRY (COUNTRY_CODE,COUNTRY_NAME,RECORD_STATUS,MODIFY_USER,MODIFY_DATE,CREATE_USER,CREATE_DATE,VERSION) values ('ST','SAO TOME AND PRINCIPE','A','dqaadmin',sysdate,'dqaadmin',sysdate,0);
insert into COUNTRY (COUNTRY_CODE,COUNTRY_NAME,RECORD_STATUS,MODIFY_USER,MODIFY_DATE,CREATE_USER,CREATE_DATE,VERSION) values ('SR','SURINAME','A','dqaadmin',sysdate,'dqaadmin',sysdate,0);
insert into COUNTRY (COUNTRY_CODE,COUNTRY_NAME,RECORD_STATUS,MODIFY_USER,MODIFY_DATE,CREATE_USER,CREATE_DATE,VERSION) values ('SK','SLOVAKIA (SLOVAK REPUBLIC)','A','dqaadmin',sysdate,'dqaadmin',sysdate,0);
insert into COUNTRY (COUNTRY_CODE,COUNTRY_NAME,RECORD_STATUS,MODIFY_USER,MODIFY_DATE,CREATE_USER,CREATE_DATE,VERSION) values ('SI','SLOVENIA','A','dqaadmin',sysdate,'dqaadmin',sysdate,0);
insert into COUNTRY (COUNTRY_CODE,COUNTRY_NAME,RECORD_STATUS,MODIFY_USER,MODIFY_DATE,CREATE_USER,CREATE_DATE,VERSION) values ('SE','SWEDEN','A','dqaadmin',sysdate,'dqaadmin',sysdate,0);
insert into COUNTRY (COUNTRY_CODE,COUNTRY_NAME,RECORD_STATUS,MODIFY_USER,MODIFY_DATE,CREATE_USER,CREATE_DATE,VERSION) values ('SZ','SWAZILAND','A','dqaadmin',sysdate,'dqaadmin',sysdate,0);
insert into COUNTRY (COUNTRY_CODE,COUNTRY_NAME,RECORD_STATUS,MODIFY_USER,MODIFY_DATE,CREATE_USER,CREATE_DATE,VERSION) values ('SC','SEYCHELLES','A','dqaadmin',sysdate,'dqaadmin',sysdate,0);
insert into COUNTRY (COUNTRY_CODE,COUNTRY_NAME,RECORD_STATUS,MODIFY_USER,MODIFY_DATE,CREATE_USER,CREATE_DATE,VERSION) values ('SY','SYRIAN ARAB REPUBLIC','A','dqaadmin',sysdate,'dqaadmin',sysdate,0);
insert into COUNTRY (COUNTRY_CODE,COUNTRY_NAME,RECORD_STATUS,MODIFY_USER,MODIFY_DATE,CREATE_USER,CREATE_DATE,VERSION) values ('TC','TURKS AND CAICOS ISLANDS','A','dqaadmin',sysdate,'dqaadmin',sysdate,0);
insert into COUNTRY (COUNTRY_CODE,COUNTRY_NAME,RECORD_STATUS,MODIFY_USER,MODIFY_DATE,CREATE_USER,CREATE_DATE,VERSION) values ('TD','CHAD','A','dqaadmin',sysdate,'dqaadmin',sysdate,0);
insert into COUNTRY (COUNTRY_CODE,COUNTRY_NAME,RECORD_STATUS,MODIFY_USER,MODIFY_DATE,CREATE_USER,CREATE_DATE,VERSION) values ('TG','TOGO','A','dqaadmin',sysdate,'dqaadmin',sysdate,0);
insert into COUNTRY (COUNTRY_CODE,COUNTRY_NAME,RECORD_STATUS,MODIFY_USER,MODIFY_DATE,CREATE_USER,CREATE_DATE,VERSION) values ('TH','THAILAND','A','dqaadmin',sysdate,'dqaadmin',sysdate,0);
insert into COUNTRY (COUNTRY_CODE,COUNTRY_NAME,RECORD_STATUS,MODIFY_USER,MODIFY_DATE,CREATE_USER,CREATE_DATE,VERSION) values ('TJ','TAJIKISTAN','A','dqaadmin',sysdate,'dqaadmin',sysdate,0);
insert into COUNTRY (COUNTRY_CODE,COUNTRY_NAME,RECORD_STATUS,MODIFY_USER,MODIFY_DATE,CREATE_USER,CREATE_DATE,VERSION) values ('TK','TOKELAU','A','dqaadmin',sysdate,'dqaadmin',sysdate,0);
insert into COUNTRY (COUNTRY_CODE,COUNTRY_NAME,RECORD_STATUS,MODIFY_USER,MODIFY_DATE,CREATE_USER,CREATE_DATE,VERSION) values ('TM','TURKMENISTAN','A','dqaadmin',sysdate,'dqaadmin',sysdate,0);
insert into COUNTRY (COUNTRY_CODE,COUNTRY_NAME,RECORD_STATUS,MODIFY_USER,MODIFY_DATE,CREATE_USER,CREATE_DATE,VERSION) values ('TO','TONGA','A','dqaadmin',sysdate,'dqaadmin',sysdate,0);
insert into COUNTRY (COUNTRY_CODE,COUNTRY_NAME,RECORD_STATUS,MODIFY_USER,MODIFY_DATE,CREATE_USER,CREATE_DATE,VERSION) values ('TT','TRINIDAD AND TOBAGO','A','dqaadmin',sysdate,'dqaadmin',sysdate,0);
insert into COUNTRY (COUNTRY_CODE,COUNTRY_NAME,RECORD_STATUS,MODIFY_USER,MODIFY_DATE,CREATE_USER,CREATE_DATE,VERSION) values ('TN','TUNISIA','A','dqaadmin',sysdate,'dqaadmin',sysdate,0);
insert into COUNTRY (COUNTRY_CODE,COUNTRY_NAME,RECORD_STATUS,MODIFY_USER,MODIFY_DATE,CREATE_USER,CREATE_DATE,VERSION) values ('TR','TURKEY','A','dqaadmin',sysdate,'dqaadmin',sysdate,0);
insert into COUNTRY (COUNTRY_CODE,COUNTRY_NAME,RECORD_STATUS,MODIFY_USER,MODIFY_DATE,CREATE_USER,CREATE_DATE,VERSION) values ('TV','TUVALU','A','dqaadmin',sysdate,'dqaadmin',sysdate,0);
insert into COUNTRY (COUNTRY_CODE,COUNTRY_NAME,RECORD_STATUS,MODIFY_USER,MODIFY_DATE,CREATE_USER,CREATE_DATE,VERSION) values ('TW','TAIWAN, PROVINCE OF CHINA','A','dqaadmin',sysdate,'dqaadmin',sysdate,0);
insert into COUNTRY (COUNTRY_CODE,COUNTRY_NAME,RECORD_STATUS,MODIFY_USER,MODIFY_DATE,CREATE_USER,CREATE_DATE,VERSION) values ('TZ','TANZANIA, UNITED REPUBLIC OF','A','dqaadmin',sysdate,'dqaadmin',sysdate,0);
insert into COUNTRY (COUNTRY_CODE,COUNTRY_NAME,RECORD_STATUS,MODIFY_USER,MODIFY_DATE,CREATE_USER,CREATE_DATE,VERSION) values ('UG','UGANDA','A','dqaadmin',sysdate,'dqaadmin',sysdate,0);
insert into COUNTRY (COUNTRY_CODE,COUNTRY_NAME,RECORD_STATUS,MODIFY_USER,MODIFY_DATE,CREATE_USER,CREATE_DATE,VERSION) values ('UA','UKRAINE','A','dqaadmin',sysdate,'dqaadmin',sysdate,0);
insert into COUNTRY (COUNTRY_CODE,COUNTRY_NAME,RECORD_STATUS,MODIFY_USER,MODIFY_DATE,CREATE_USER,CREATE_DATE,VERSION) values ('UM','UNITED STATES MINOR OUTLYING ISLANDS','A','dqaadmin',sysdate,'dqaadmin',sysdate,0);
insert into COUNTRY (COUNTRY_CODE,COUNTRY_NAME,RECORD_STATUS,MODIFY_USER,MODIFY_DATE,CREATE_USER,CREATE_DATE,VERSION) values ('UY','URUGUAY','A','dqaadmin',sysdate,'dqaadmin',sysdate,0);
insert into COUNTRY (COUNTRY_CODE,COUNTRY_NAME,RECORD_STATUS,MODIFY_USER,MODIFY_DATE,CREATE_USER,CREATE_DATE,VERSION) values ('US','UNITED STATES','A','dqaadmin',sysdate,'dqaadmin',sysdate,0);
insert into COUNTRY (COUNTRY_CODE,COUNTRY_NAME,RECORD_STATUS,MODIFY_USER,MODIFY_DATE,CREATE_USER,CREATE_DATE,VERSION) values ('UZ','UZBEKISTAN','A','dqaadmin',sysdate,'dqaadmin',sysdate,0);
insert into COUNTRY (COUNTRY_CODE,COUNTRY_NAME,RECORD_STATUS,MODIFY_USER,MODIFY_DATE,CREATE_USER,CREATE_DATE,VERSION) values ('VA','HOLY SEE (VATICAN CITY STATE)','A','dqaadmin',sysdate,'dqaadmin',sysdate,0);
insert into COUNTRY (COUNTRY_CODE,COUNTRY_NAME,RECORD_STATUS,MODIFY_USER,MODIFY_DATE,CREATE_USER,CREATE_DATE,VERSION) values ('VC','SAINT VINCENT AND THE GRENADINES','A','dqaadmin',sysdate,'dqaadmin',sysdate,0);
insert into COUNTRY (COUNTRY_CODE,COUNTRY_NAME,RECORD_STATUS,MODIFY_USER,MODIFY_DATE,CREATE_USER,CREATE_DATE,VERSION) values ('VE','VENEZUELA','A','dqaadmin',sysdate,'dqaadmin',sysdate,0);
insert into COUNTRY (COUNTRY_CODE,COUNTRY_NAME,RECORD_STATUS,MODIFY_USER,MODIFY_DATE,CREATE_USER,CREATE_DATE,VERSION) values ('VG','VIRGIN ISLANDS (BRITISH)','A','dqaadmin',sysdate,'dqaadmin',sysdate,0);
insert into COUNTRY (COUNTRY_CODE,COUNTRY_NAME,RECORD_STATUS,MODIFY_USER,MODIFY_DATE,CREATE_USER,CREATE_DATE,VERSION) values ('VI','VIRGIN ISLANDS (U.S.)','A','dqaadmin',sysdate,'dqaadmin',sysdate,0);
insert into COUNTRY (COUNTRY_CODE,COUNTRY_NAME,RECORD_STATUS,MODIFY_USER,MODIFY_DATE,CREATE_USER,CREATE_DATE,VERSION) values ('VN','VIET NAM','A','dqaadmin',sysdate,'dqaadmin',sysdate,0);
insert into COUNTRY (COUNTRY_CODE,COUNTRY_NAME,RECORD_STATUS,MODIFY_USER,MODIFY_DATE,CREATE_USER,CREATE_DATE,VERSION) values ('VU','VANUATU','A','dqaadmin',sysdate,'dqaadmin',sysdate,0);
insert into COUNTRY (COUNTRY_CODE,COUNTRY_NAME,RECORD_STATUS,MODIFY_USER,MODIFY_DATE,CREATE_USER,CREATE_DATE,VERSION) values ('WF','WALLIS AND FUTUNA ISLANDS','A','dqaadmin',sysdate,'dqaadmin',sysdate,0);
insert into COUNTRY (COUNTRY_CODE,COUNTRY_NAME,RECORD_STATUS,MODIFY_USER,MODIFY_DATE,CREATE_USER,CREATE_DATE,VERSION) values ('WS','SAMOA','A','dqaadmin',sysdate,'dqaadmin',sysdate,0);
insert into COUNTRY (COUNTRY_CODE,COUNTRY_NAME,RECORD_STATUS,MODIFY_USER,MODIFY_DATE,CREATE_USER,CREATE_DATE,VERSION) values ('YE','YEMEN','A','dqaadmin',sysdate,'dqaadmin',sysdate,0);
insert into COUNTRY (COUNTRY_CODE,COUNTRY_NAME,RECORD_STATUS,MODIFY_USER,MODIFY_DATE,CREATE_USER,CREATE_DATE,VERSION) values ('ZA','SOUTH AFRICA','A','dqaadmin',sysdate,'dqaadmin',sysdate,0);
insert into COUNTRY (COUNTRY_CODE,COUNTRY_NAME,RECORD_STATUS,MODIFY_USER,MODIFY_DATE,CREATE_USER,CREATE_DATE,VERSION) values ('ZM','ZAMBIA','A','dqaadmin',sysdate,'dqaadmin',sysdate,0);
insert into COUNTRY (COUNTRY_CODE,COUNTRY_NAME,RECORD_STATUS,MODIFY_USER,MODIFY_DATE,CREATE_USER,CREATE_DATE,VERSION) values ('ZW','ZIMBABWE','A','dqaadmin',sysdate,'dqaadmin',sysdate,0);


--//@UNDO
delete COUNTRY;
delete FUNC_SEQ_NUM where FUNC_CODE = 'CPN';
delete FUNC_SEQ_NUM where FUNC_CODE = 'FRN';
delete COM_NATURE_SUB_CAT;
delete COM_NATURE_CAT;
delete COM_NATURE_PARAM;

--//